CustomerID,Recency,Frequency,Monetary
12347.0,-0.9012808791327622,0.3664938378488937,0.2871777740747428
12348.0,-0.17308057028423857,-0.02998335876321942,-0.05838829520495296
12349.0,-0.7416753319878803,-0.42646055537533256,-0.05594519279922794
12350.0,2.1711259034062143,-0.42646055537533256,-0.1958612224998218
12352.0,-0.5621190914498881,0.2343347723115227,-0.07905783170794314
12353.0,1.1137391535713717,-0.42646055537533256,-0.2205689149732792
12354.0,1.393048861074915,-0.42646055537533256,-0.10143308914215839
12355.0,1.213492620536923,-0.42646055537533256,-0.17601327090235117
12356.0,-0.7017739452016598,-0.16214242430059048,0.06793970654139675
12357.0,-0.5920451315395535,-0.42646055537533256,0.5154496668503316
12358.0,-0.9112562258293173,-0.2943014898379615,-0.11963787092858998
12359.0,-0.3526368108222307,-0.02998335876321942,0.5241659248670146
12360.0,-0.4025135443050063,-0.16214242430059048,0.04564143510125656
12361.0,1.9416929293854466,-0.42646055537533256,-0.21023595108102025
12362.0,-0.8913055324362071,0.7629710344610069,0.332693337259294
12363.0,0.16608121739863546,-0.2943014898379615,-0.16487435988461915
12364.0,-0.8514041456499867,-0.02998335876321942,-0.08595168689613131
12365.0,1.981594316171667,-0.42646055537533256,-0.19269878221195816
12367.0,-0.8813301857396519,-0.42646055537533256,-0.21312292585883416
12370.0,-0.4124888910015614,-0.02998335876321942,0.18035248985868346
12371.0,-0.33268611742912046,-0.42646055537533256,-0.04747553054481636
12372.0,-0.21298195707045905,-0.16214242430059048,-0.08740239172198279
12373.0,2.1811012501027696,-0.42646055537533256,-0.19222844590440596
12374.0,-0.6718479051119944,-0.42646055537533256,-0.1563421465100216
12375.0,-0.8214781055603213,-0.2943014898379615,-0.18586507233164115
12377.0,2.22100263688899,-0.2943014898379615,-0.04505047173145269
12378.0,0.3655881513297378,-0.42646055537533256,0.25092458830234454
12379.0,-0.11322849010490786,-0.2943014898379615,-0.13778010159483556
12380.0,-0.711749291898215,-0.02998335876321942,0.06076798003084404
12381.0,-0.8813301857396519,-0.16214242430059048,-0.05567333600765046
12383.0,0.9142322196402694,0.10217570677415164,-0.03537429460114638
12384.0,-0.6419218650223292,-0.2943014898379615,-0.18011878961763403
12386.0,2.4404602642132023,-0.2943014898379615,-0.18292998130753035
12388.0,-0.7716013720775456,0.2343347723115227,0.10321252379549573
12390.0,-0.1331791834980181,-0.42646055537533256,-0.1705472653230235
12391.0,-0.711749291898215,-0.42646055537533256,-0.1783878076571031
12393.0,-0.2030066103739039,-0.02998335876321942,-0.04090285130066003
12394.0,-0.2927847306429,-0.2943014898379615,-0.10130317527715678
12395.0,-0.7316999852913252,1.027289165535749,0.08963411909051093
12397.0,-0.5720944381464433,-0.2943014898379615,0.03515690503316238
12398.0,-0.47234097118089213,-0.42646055537533256,-0.058578354377825693
12399.0,0.26583468436418667,-0.02998335876321942,-0.10693638481236616
12401.0,2.1012984765303284,-0.42646055537533256,-0.22293864010340148
12402.0,2.3008054104614306,-0.42646055537533256,-0.20774593533515576
12403.0,-0.43243958439467167,-0.42646055537533256,-0.18415694558810122
12405.0,0.5551197385642851,-0.42646055537533256,-0.06402391055247719
12406.0,-0.7017739452016598,-0.2943014898379615,0.16516700252738228
12407.0,-0.43243958439467167,0.10217570677415164,-0.04998238697688479
12408.0,-0.6020204782361087,0.10217570677415164,0.08371221207752014
12409.0,-0.14315453019457322,-0.2943014898379615,1.1000680738884359
12410.0,2.151175210013104,-0.2943014898379615,-0.16712018568052686
12412.0,-0.18305591698079368,-0.16214242430059048,-0.09379704085484059
12413.0,-0.26285869055323463,-0.16214242430059048,-0.14874338831358389
12414.0,1.2434186606265882,-0.16214242430059048,-0.17805700846381192
12415.0,-0.6818232518085496,1.9524026242973462,14.661531048552071
12417.0,-0.8913055324362071,0.6308119689236359,0.1543949778876641
12418.0,0.1960072574883008,-0.42646055537533256,-0.15085087990138804
12420.0,-0.2927847306429,-0.42646055537533256,-0.15905349698885182
12421.0,-0.7716013720775456,-0.02998335876321942,-0.15440426469041402
12422.0,0.0264263636468638,-0.16214242430059048,-0.14904892647756918
12423.0,-0.9212315725258724,0.4986529033862648,-0.03590958784119939
12424.0,0.6947745923160568,-0.2943014898379615,-0.01944781707687295
12425.0,-0.14315453019457322,-0.42646055537533256,-0.13778491321946526
12426.0,1.0139856866058206,-0.42646055537533256,-0.16983875359630166
12427.0,-0.711749291898215,-0.16214242430059048,-0.1543705833180062
12428.0,-0.6718479051119944,0.4986529033862648,0.539217889614842
12429.0,-0.8314534522568764,-0.02998335876321942,0.1763179426066885
12430.0,-0.49229166457400236,-0.42646055537533256,-0.20524389052771702
12431.0,-0.5720944381464433,1.423766362147862,0.5204200750928011
12432.0,-0.5022670112705575,-0.02998335876321942,0.29311050724315035
12433.0,-0.9212315725258724,0.3664938378488937,1.3777168586139021
12434.0,-0.0833024500152425,-0.2943014898379615,-0.1358915389276823
12435.0,-0.1331791834980181,-0.2943014898379615,0.7105875095197185
12436.0,0.06632775043308428,-0.42646055537533256,-0.17966890271475802
12437.0,-0.9112562258293173,1.8202435587599752,0.30370690758388486
12438.0,-0.7815767187741008,-0.2943014898379615,0.06546412566942134
12441.0,2.729745318413301,-0.42646055537533256,-0.21256357449563273
12442.0,-0.8913055324362071,-0.42646055537533256,-0.21394571367051113
12444.0,-0.711749291898215,0.10217570677415164,0.2601677192159788
12445.0,-0.7017739452016598,-0.42646055537533256,-0.22196428611588928
12446.0,-0.3526368108222307,-0.42646055537533256,-0.11070629270972818
12447.0,1.5027776747370214,-0.42646055537533256,-0.17937058198771724
12448.0,-0.4823163178774472,-0.42646055537533256,-0.18731457425133521
12449.0,-0.7017739452016598,-0.02998335876321942,0.2013251587133441
12450.0,0.634922512136726,-0.2943014898379615,-0.20747167273126346
12451.0,-0.8214781055603213,0.10217570677415164,0.838532217141644
12452.0,-0.7616260253809906,-0.42646055537533256,-0.18934507984506432
12453.0,0.4154648848125134,-0.42646055537533256,-0.14621848828915415
12455.0,-0.1930312636773488,0.10217570677415164,0.05018842037631349
12456.0,-0.4823163178774472,-0.16214242430059048,0.07920011108102845
12457.0,-0.11322849010490786,-0.02998335876321942,-0.030644467590161237
12458.0,-0.21298195707045905,-0.2943014898379615,-0.13655794893889436
12461.0,0.6149718187436158,-0.42646055537533256,-0.15586699857783975
12462.0,-0.7416753319878803,-0.2943014898379615,-0.11849150136056635
12463.0,-0.39253819760845116,-0.02998335876321942,-0.08921396839506102
12464.0,-0.8214781055603213,0.4986529033862648,-0.11615064597822225
12465.0,-0.7516506786844355,-0.2943014898379615,-0.14921372462113608
12468.0,0.9441582597299347,-0.2943014898379615,-0.15217888829918244
12471.0,-0.9012808791327622,3.009675148596315,1.8562305222242432
12472.0,-0.6020204782361087,0.3664938378488937,0.49866190851734354
12473.0,-0.39253819760845116,-0.16214242430059048,0.07601120685770153
12474.0,-0.7516506786844355,1.8202435587599752,0.5666658023149078
12475.0,-0.39253819760845116,-0.42646055537533256,-0.15075464740879427
12476.0,-0.7716013720775456,0.895130099998378,0.46660566232819234
12477.0,-0.7017739452016598,0.2343347723115227,1.3490119089793298
12478.0,-0.8913055324362071,-0.42646055537533256,-0.16559730648523005
12479.0,-0.8115027588637661,-0.42646055537533256,-0.1767590727199531
12480.0,-0.6419218650223292,-0.02998335876321942,0.1158394297299593
12481.0,-0.7017739452016598,0.7629710344610069,0.37063780908902816
12483.0,-0.7516506786844355,0.4986529033862648,-0.0014018189032211506
12484.0,-0.5720944381464433,-0.02998335876321942,0.2425884486314069
12488.0,-0.8314534522568764,-0.16214242430059048,-0.08155386198459476
12489.0,2.4304849175166474,-0.42646055537533256,-0.19531630601050942
12490.0,-0.8713548390430969,0.7629710344610069,0.35332919238987637
12491.0,-0.542168398056778,-0.42646055537533256,-0.1802234424533298
12492.0,-0.2927847306429,-0.2943014898379615,-0.20394354897154335
12493.0,0.7247006324057221,-0.2943014898379615,-0.18763454728920959
12494.0,-0.7716013720775456,0.3664938378488937,-0.10780849177649746
12497.0,-0.11322849010490786,-0.42646055537533256,-0.11662579391040412
12498.0,-0.711749291898215,-0.16214242430059048,-0.18920915144927558
12500.0,-0.6917985985051047,0.895130099998378,0.2541483768042368
12501.0,2.4304849175166474,-0.42646055537533256,0.008751911971581877
12502.0,0.0264263636468638,0.10217570677415164,0.12910026720938453
12504.0,-0.7416753319878803,-0.2943014898379615,-0.22012985422582002
12506.0,1.393048861074915,-0.42646055537533256,-0.22243341951728404
12507.0,0.4154648848125134,-0.16214242430059048,-0.10463161661474474
12508.0,-0.6618725584154393,-0.2943014898379615,-0.18341354958281417
12509.0,1.911766889295781,-0.42646055537533256,-0.2122087171791931
12510.0,0.49526765838495435,-0.2943014898379615,-0.13328965290917752
12512.0,-0.26285869055323463,-0.2943014898379615,-0.215374766185529
12513.0,0.1960072574883008,-0.42646055537533256,-0.1671851426130277
12514.0,1.7421859954543442,-0.42646055537533256,-0.10885742594576986
12515.0,2.6000658113580846,-0.42646055537533256,-0.19774978516697508
12516.0,-0.15312987689112834,-0.2943014898379615,-0.0886028920670904
12517.0,-0.6419218650223292,-0.02998335876321942,0.043204347226318676
12518.0,-0.9212315725258724,0.10217570677415164,-0.009832988160595189
12519.0,-0.2927847306429,-0.42646055537533256,-0.19797352571225568
12520.0,-0.1331791834980181,0.10217570677415164,0.04780065165382991
12521.0,0.49526765838495435,-0.42646055537533256,-0.16563459657611013
12522.0,-0.5321930513602229,-0.2943014898379615,-0.2124228344752143
12523.0,-0.7316999852913252,0.895130099998378,-0.03131929794447525
12524.0,-0.8314534522568764,0.4986529033862648,0.24335830857215723
12526.0,-0.9212315725258724,-0.16214242430059048,-0.09021478631803649
12527.0,-0.11322849010490786,-0.16214242430059048,-0.19149347024222085
12528.0,-0.8314534522568764,0.2343347723115227,-0.033338977382787564
12530.0,-0.33268611742912046,-0.02998335876321942,-0.052952362279560836
12531.0,-0.7815767187741008,-0.42646055537533256,-0.21621198887109505
12532.0,-0.6219711716292189,-0.42646055537533256,-0.19352397583594994
12534.0,0.37556349802629296,-0.42646055537533256,-0.11324803342036185
12535.0,-0.013475023139356673,-0.2943014898379615,-0.14510459718738095
12536.0,-0.33268611742912046,-0.42646055537533256,0.26961293836406003
12538.0,-0.631946518325774,-0.42646055537533256,-0.18749501017494857
12539.0,-0.7017739452016598,-0.02998335876321942,0.4385454703939986
12540.0,-0.7316999852913252,1.6880844932226042,1.1601857149179384
12541.0,-0.631946518325774,-0.16214242430059048,-0.13008871962427632
12544.0,-0.5621190914498881,-0.42646055537533256,-0.1931787417687697
12545.0,-0.17308057028423857,-0.2943014898379615,-0.13114607413665066
12546.0,-0.462365624484337,-0.2943014898379615,-0.1108037281084794
12547.0,1.0439117266954858,-0.2943014898379615,-0.21301466430466615
12548.0,0.7346759791022772,-0.42646055537533256,-0.22319125039646018
12550.0,-0.1331791834980181,-0.42646055537533256,-0.13205547119166205
12551.0,2.639967198144305,-0.42646055537533256,-0.21106595632964176
12552.0,-0.5321930513602229,-0.42646055537533256,-0.19304401627913842
12553.0,-0.8414287989534315,0.7629710344610069,0.15870499064970878
12556.0,-0.42246423769811653,-0.2943014898379615,-0.15915333819991792
12557.0,-0.7616260253809906,0.10217570677415164,1.2111251819663076
12559.0,2.1711259034062143,-0.2943014898379615,-0.1711042108739101
12560.0,-0.8713548390430969,-0.2943014898379615,-0.0005561758745531618
12561.0,2.091323129833773,-0.42646055537533256,-0.2025433662043036
12562.0,-0.8414287989534315,0.3664938378488937,0.1759979695688141
12564.0,1.6823339152750134,-0.42646055537533256,-0.1828096906917881
12565.0,1.9516682760820017,-0.42646055537533256,-0.21372197312523056
12566.0,-0.06335175662213227,-0.42646055537533256,-0.19547027799865954
12567.0,-0.7017739452016598,0.6308119689236359,0.769896797611433
12569.0,-0.9012808791327622,3.67047047628317,0.14796424157008362
12571.0,-0.5321930513602229,-0.2943014898379615,-0.16877057292851053
12572.0,-0.8414287989534315,-0.2943014898379615,-0.12151921615879871
12573.0,1.3431721275921393,-0.42646055537533256,-0.21196332432307893
12574.0,2.22100263688899,-0.42646055537533256,-0.2093277569321663
12576.0,-0.5720944381464433,0.10217570677415164,-0.0729927788622191
12577.0,-0.5720944381464433,-0.16214242430059048,-0.15637582788242946
12578.0,-0.711749291898215,-0.2943014898379615,0.057724627452565236
12579.0,-0.14315453019457322,-0.42646055537533256,-0.18619948024340457
12580.0,1.5327037148266867,-0.42646055537533256,-0.18560043297700818
12581.0,-0.5321930513602229,-0.42646055537533256,-0.20965735321930004
12582.0,1.4529009412542457,-0.2943014898379615,-0.18900946902714347
12583.0,-0.9012808791327622,1.423766362147862,0.5680010281496467
12584.0,-0.8913055324362071,0.6308119689236359,0.015796130429447792
12585.0,1.4129995544680252,-0.2943014898379615,-0.01185266759890753
12586.0,-0.7516506786844355,-0.42646055537533256,-0.20758474591006115
12587.0,-0.8514041456499867,-0.42646055537533256,-0.21876455573714554
12588.0,-0.5321930513602229,-0.42646055537533256,-0.21023595108102028
12589.0,-0.6419218650223292,-0.2943014898379615,-0.16214616871958498
12590.0,1.1835665804472575,-0.42646055537533256,0.8923911374340774
12591.0,2.2409533302821,-0.42646055537533256,-0.18690558615781155
12592.0,-0.003499676442801554,-0.2943014898379615,-0.182966068492253
12593.0,0.15610587070208035,-0.16214242430059048,-0.18531173549922678
12594.0,-0.552143744753333,0.6308119689236359,0.15464397946225059
12596.0,-0.4124888910015614,-0.2943014898379615,-0.17711152422407786
12597.0,-0.7316999852913252,-0.02998335876321942,0.14117143049911893
12598.0,-0.8314534522568764,0.3664938378488937,0.10393667330226398
12599.0,-0.631946518325774,0.3664938378488937,-0.12438694443809384
12600.0,-0.6419218650223292,0.7629710344610069,0.04672164483062193
12601.0,0.9641089531230449,0.10217570677415164,-0.17268603247092063
12602.0,-0.3426614641256756,-0.42646055537533256,-0.21285588069188638
12603.0,-0.711749291898215,-0.42646055537533256,-0.15751257420119366
12604.0,-0.1331791834980181,-0.2943014898379615,-0.20286454214833538
12609.0,-0.14315453019457322,-0.16214242430059048,-0.11521237917543273
12610.0,-0.7017739452016598,-0.02998335876321942,-0.025067794644350706
12611.0,-0.4025135443050063,-0.42646055537533256,-0.0877295821968017
12612.0,-0.18305591698079368,-0.42646055537533256,-0.15091583683388887
12613.0,-0.3526368108222307,-0.02998335876321942,0.1315072824303869
12614.0,1.8419394624198953,-0.42646055537533256,-0.19331106144608617
12615.0,-0.9012808791327622,-0.02998335876321942,0.020516334191173567
12616.0,0.0264263636468638,-0.2943014898379615,-0.15413240789883656
12617.0,-0.631946518325774,-0.42646055537533256,-0.18881459822964103
12618.0,-0.711749291898215,-0.42646055537533256,-0.2147576753267713
12619.0,-0.7616260253809906,0.4986529033862648,0.11907885601189798
12620.0,-0.7815767187741008,-0.16214242430059048,-0.07448678830973778
12621.0,-0.9112562258293173,2.0845616898347172,1.2562473948373816
12622.0,1.393048861074915,-0.42646055537533256,-0.21177567096252103
12623.0,1.8319641157233402,-0.42646055537533256,-0.19890457507810064
12624.0,0.13615517730897012,-0.2943014898379615,-0.16281378163695448
12625.0,1.1835665804472575,-0.2943014898379615,0.05432160593321704
12626.0,-0.6917985985051047,0.6308119689236359,0.46312565481476925
12627.0,-0.8214781055603213,0.2343347723115227,0.259815267711854
12628.0,-0.8813301857396519,-0.16214242430059048,-0.14316671536777337
12630.0,-0.8314534522568764,-0.2943014898379615,-0.10726958981797219
12631.0,-0.3526368108222307,-0.42646055537533256,-0.17347513891018976
12633.0,-0.3426614641256756,-0.02998335876321942,0.0008837027958815307
12635.0,-0.03342571653246691,-0.2943014898379615,-0.04973458830845574
12637.0,-0.2528833438566795,0.4986529033862648,0.4670002155478269
12638.0,-0.5920451315395535,-0.42646055537533256,-0.1697232746051891
12639.0,1.4529009412542457,-0.42646055537533256,-0.18723638535110274
12640.0,-0.6917985985051047,-0.16214242430059048,-0.11163613916941574
12641.0,0.22593329757796618,-0.42646055537533256,-0.2137243789375454
12642.0,-0.6718479051119944,-0.16214242430059048,-0.12238049696751319
12643.0,0.35561280463318273,0.2343347723115227,0.13460596869190714
12644.0,0.3655881513297378,-0.42646055537533256,-0.17378669160496216
12645.0,-0.5920451315395535,-0.02998335876321942,-0.03744088737959816
12646.0,-0.8813301857396519,-0.2943014898379615,-0.06924692908800553
12647.0,-0.7017739452016598,1.027289165535749,0.14317426925122734
12648.0,0.6149718187436158,-0.42646055537533256,-0.19518158052087814
12649.0,0.14613052400552523,-0.16214242430059048,-0.1627680712029724
12650.0,-0.8913055324362071,-0.42646055537533256,-0.20211152289378892
12651.0,2.4105342241235372,-0.42646055537533256,-0.21756164957972307
12652.0,2.3806081840338718,-0.42646055537533256,-0.13576643668731037
12653.0,0.5551197385642851,-0.2943014898379615,0.034549437423664016
12654.0,-0.8214781055603213,0.10217570677415164,-0.16752315924326341
12656.0,-0.7516506786844355,0.10217570677415164,0.2040774080015267
12657.0,-0.8115027588637661,-0.16214242430059048,-0.11001462166921026
12658.0,-0.7416753319878803,-0.42646055537533256,-0.15524509609445233
12659.0,-0.631946518325774,-0.42646055537533256,-0.22241176720645042
12660.0,-0.8115027588637661,-0.42646055537533256,-0.203956780939275
12662.0,-0.9212315725258724,0.895130099998378,0.19107519534594727
12664.0,-0.8414287989534315,0.6308119689236359,0.29702716969171794
12665.0,2.310780757157986,-0.42646055537533256,-0.22586170206593806
12667.0,-0.3426614641256756,-0.42646055537533256,-0.17592545875285934
12668.0,-0.8115027588637661,-0.02998335876321942,0.14672043660330877
12669.0,0.5750704319573953,-0.2943014898379615,-0.059532258960661714
12670.0,-0.8214781055603213,0.10217570677415164,0.09880868435317207
12672.0,2.3606574906407616,-0.42646055537533256,-0.20410112967816568
12673.0,-0.8713548390430969,-0.2943014898379615,-0.16216541521810376
12674.0,-0.542168398056778,-0.02998335876321942,-0.01299542844845887
12676.0,-0.6818232518085496,0.2343347723115227,-0.09999080465940885
12678.0,-0.5022670112705575,0.6308119689236359,1.733246599595528
12679.0,-0.3426614641256756,-0.02998335876321942,-0.11875253199672704
12680.0,-0.9212315725258724,-0.02998335876321942,-0.1361477579392133
12681.0,-0.7815767187741008,2.3488798209094592,1.2546499354603247
12682.0,-0.8913055324362071,3.538311410745799,1.0943061533943823
12683.0,-0.8813301857396519,1.291607296610491,0.6751859813067753
12684.0,-0.8514041456499867,0.2343347723115227,0.018163449747255235
12685.0,-0.6419218650223292,0.2343347723115227,0.07848317901120466
12686.0,2.7796220518960766,-0.42646055537533256,-0.22271730537043574
12688.0,0.20598260418485592,-0.42646055537533256,0.3549988261363788
12689.0,-0.6718479051119944,-0.2943014898379615,-0.09419039116831776
12690.0,1.1237145002679267,-0.42646055537533256,-0.19097622059452918
12691.0,-0.6419218650223292,0.10217570677415164,-0.11966914648868296
12693.0,0.3456374579366276,-0.02998335876321942,-0.1456386875212765
12694.0,-0.22295730376701417,-0.2943014898379615,-0.13965302648194236
12695.0,-0.8514041456499867,-0.02998335876321942,-0.1612536123507775
12697.0,-0.6419218650223292,-0.16214242430059048,-0.1401438121941707
12700.0,-0.8514041456499867,-0.02998335876321942,0.31315934416891056
12701.0,-0.1331791834980181,-0.2943014898379615,-0.14397867702403352
12702.0,-0.7316999852913252,-0.42646055537533256,-0.20709636601014764
12703.0,-0.21298195707045905,-0.42646055537533256,-0.19933160676398562
12704.0,-0.8514041456499867,0.4986529033862648,-0.021868064265606963
12705.0,-0.7716013720775456,0.4986529033862648,0.5343256702726048
12707.0,1.981594316171667,-0.42646055537533256,-0.15868901642315286
12708.0,-0.631946518325774,0.7629710344610069,0.06258436832855195
12709.0,-0.7716013720775456,1.423766362147862,0.8949846031094801
12710.0,0.03640171034341892,-0.16214242430059048,-0.10821507405770625
12712.0,-0.6419218650223292,1.15944823107312,0.2297065265915697
12713.0,-0.9212315725258724,-0.42646055537533256,-0.1356978710363373
12714.0,-0.8314534522568764,0.10217570677415164,0.2853565741524052
12715.0,0.13615517730897012,-0.42646055537533256,-0.19959504321246116
12716.0,-0.8913055324362071,-0.2943014898379615,-0.11537597441284218
12717.0,0.5850457786539505,-0.2943014898379615,-0.13131568390484724
12718.0,-0.21298195707045905,-0.42646055537533256,-0.20694600274046981
12719.0,-0.8713548390430969,-0.2943014898379615,-0.16661255928209462
12720.0,-0.9012808791327622,2.7453570175215725,0.38409953189674295
12721.0,-0.6119958249326638,0.2343347723115227,0.05575426716670723
12722.0,-0.07332710331868739,-0.02998335876321942,-0.11751233574842447
12723.0,-0.8913055324362071,0.10217570677415164,-0.14622089410146902
12724.0,-0.8713548390430969,-0.02998335876321942,-0.12019722229179142
12725.0,2.7796220518960766,-0.42646055537533256,-0.18655072884137194
12726.0,-0.6419218650223292,0.3664938378488937,0.0587579238417911
12727.0,-0.8214781055603213,0.3664938378488937,0.18080478257387433
12728.0,-0.21298195707045905,-0.02998335876321942,-0.14366351561078883
12729.0,0.20598260418485592,-0.42646055537533256,-0.18111239010366498
12731.0,-0.6917985985051047,1.027289165535749,2.0133974291284327
12732.0,0.8643554861574938,-0.42646055537533256,-0.20502014998243645
12733.0,1.4129995544680252,-0.42646055537533256,-0.18508919786010364
12734.0,2.5900904646615293,-0.42646055537533256,-0.21799469579639513
12735.0,2.22100263688899,-0.2943014898379615,-0.1483259798769583
12736.0,2.390583530730427,-0.42646055537533256,-0.21395293110745567
12738.0,2.7895973985926314,-0.42646055537533256,-0.2147528637021416
12739.0,0.06632775043308428,-0.42646055537533256,-0.11392647249314812
12740.0,-0.2927847306429,-0.42646055537533256,-0.17983851248295457
12743.0,0.4154648848125134,-0.2943014898379615,-0.16630220949347962
12744.0,-0.36261215751878584,-0.02998335876321942,0.8658225491350873
12747.0,-0.9012808791327622,0.895130099998378,0.27346584678628416
12748.0,-0.9212315725258724,26.269670683173622,3.3800527959485014
12749.0,-0.8913055324362071,0.10217570677415164,0.2548051635661895
12750.0,0.35561280463318273,-0.42646055537533256,-0.19808900470336824
12752.0,-0.11322849010490786,-0.42646055537533256,0.2940078752365875
12753.0,-0.7017739452016598,0.2343347723115227,2.334210095500689
12754.0,1.4229749011645805,-0.16214242430059048,0.13088898866547172
12755.0,1.8718655025095607,-0.2943014898379615,0.22726703290431693
12756.0,-0.06335175662213227,-0.42646055537533256,-0.21779260756194818
12757.0,-0.7716013720775456,0.6308119689236359,0.26934469029095476
12758.0,0.2359086442745213,-0.2943014898379615,0.10452730022555845
12759.0,-0.4025135443050063,-0.16214242430059048,-0.061491793091102906
12762.0,-0.8514041456499867,-0.2943014898379615,-0.026477600660849837
12763.0,0.4553662715987339,-0.2943014898379615,-0.17184159234841007
12764.0,2.2309779835855448,-0.42646055537533256,-0.027516911580862828
12766.0,-0.8913055324362071,0.3664938378488937,0.5455175091612634
12769.0,1.4529009412542457,-0.42646055537533256,-0.09371043161150619
12770.0,1.1735912337507024,-0.42646055537533256,-0.06870802712948026
12772.0,-0.33268611742912046,-0.42646055537533256,-0.140759700146771
12775.0,-0.7516506786844355,0.10217570677415164,-0.08136380281172201
12778.0,-0.7316999852913252,0.2343347723115227,-0.14788571622334168
12779.0,-0.552143744753333,0.4986529033862648,0.23985063421711333
12781.0,-0.2927847306429,-0.2943014898379615,-0.14093893316422695
12782.0,-0.8813301857396519,0.10217570677415164,-0.0034539768077838672
12783.0,-0.9012808791327622,-0.02998335876321942,-0.07539377955243434
12784.0,-0.7716013720775456,-0.42646055537533256,-0.17391780837612122
12785.0,2.7097946250201908,-0.42646055537533256,-0.20048639667511117
12787.0,-0.8314534522568764,-0.16214242430059048,-0.18091391058769027
12789.0,-0.2728340372497898,-0.42646055537533256,-0.22203044595454752
12790.0,0.9940349932127103,-0.42646055537533256,-0.19579867137963583
12791.0,2.7995727452891868,-0.42646055537533256,-0.20991116641851618
12792.0,1.632457181792238,-0.42646055537533256,-0.1898298510265056
12793.0,2.4105342241235372,-0.2943014898379615,-0.17576306642160727
12794.0,-0.39253819760845116,-0.2943014898379615,-0.12777553108355294
12795.0,-0.7416753319878803,-0.42646055537533256,-0.1929646244727485
12797.0,2.7197699717167456,-0.42646055537533256,-0.21128488525029263
12798.0,-0.8214781055603213,-0.16214242430059048,0.6079976578839436
12802.0,0.9341829130333795,-0.42646055537533256,-0.18525399600367054
12808.0,-0.5621190914498881,-0.16214242430059048,-0.1764643607113846
12809.0,0.8444047927643835,-0.42646055537533256,-0.18251979030784926
12811.0,1.6823339152750134,-0.2943014898379615,-0.17607943074100937
12812.0,-0.4823163178774472,-0.42646055537533256,-0.20365124277528968
12814.0,0.08627844382619451,-0.42646055537533256,-0.22093941006976534
12815.0,0.54514439186773,-0.2943014898379615,-0.1274086447055391
12816.0,0.0264263636468638,-0.2943014898379615,-0.17687936333569532
12817.0,1.8818408492061158,-0.42646055537533256,-0.2161133505661864
12818.0,1.6823339152750134,-0.42646055537533256,-0.08908164871774453
12820.0,-0.8913055324362071,-0.02998335876321942,-0.11792012093579068
12821.0,1.213492620536923,-0.42646055537533256,-0.22012143388271807
12822.0,-0.22295730376701417,-0.2943014898379615,-0.12073010971952956
12823.0,-0.18305591698079368,0.10217570677415164,-0.019623441375856636
12824.0,-0.33268611742912046,-0.42646055537533256,-0.18350497045077824
12826.0,-0.9012808791327622,0.3664938378488937,-0.053879802926933555
12827.0,-0.8713548390430969,-0.16214242430059048,-0.17953177141281187
12828.0,-0.9012808791327622,0.2343347723115227,-0.10873352661155533
12829.0,2.4304849175166474,-0.2943014898379615,-0.19602962936186097
12830.0,-0.552143744753333,0.2343347723115227,0.5884624618874028
12831.0,1.6923092619715685,-0.42646055537533256,-0.20540628285896906
12832.0,-0.6020204782361087,-0.2943014898379615,-0.18519986522658652
12833.0,0.5251936984746197,-0.42646055537533256,-0.18106788257584036
12834.0,1.891816195902671,-0.42646055537533256,-0.19369839722877624
12836.0,-0.33268611742912046,-0.02998335876321942,0.08272703193459113
12837.0,0.804503405978163,-0.42646055537533256,-0.21514380820330392
12838.0,-0.5920451315395535,-0.2943014898379615,-0.15044550052633668
12839.0,-0.9012808791327622,1.291607296610491,0.44132057489917215
12840.0,0.5052430050815094,-0.02998335876321942,0.09673006251314602
12841.0,-0.8813301857396519,2.7453570175215725,0.24416786441610255
12842.0,-0.22295730376701417,-0.2943014898379615,-0.09667078366492286
12843.0,-0.2728340372497898,0.4986529033862648,-0.027609535354984383
12844.0,-0.631946518325774,-0.2943014898379615,-0.19206485066699652
12845.0,1.7421859954543442,-0.02998335876321942,-0.18868107564616712
12847.0,-0.7017739452016598,-0.42646055537533256,-0.1297928047095504
12849.0,-0.6119958249326638,-0.2943014898379615,-0.11186830005779828
12851.0,0.03640171034341892,-0.42646055537533256,-0.21541927371335365
12852.0,2.0115203562613324,-0.42646055537533256,-0.19379823843984229
12853.0,0.4154648848125134,0.2343347723115227,-0.002229418339527819
12854.0,-0.14315453019457322,-0.16214242430059048,-0.07294225680360734
12855.0,2.7895973985926314,-0.42646055537533256,-0.22669170731455957
12856.0,-0.8514041456499867,0.2343347723115227,0.029849683066614483
12857.0,1.1735912337507024,-0.2943014898379615,-0.09818524251711774
12863.0,-0.4025135443050063,-0.42646055537533256,-0.16857931084948033
12864.0,0.4553662715987339,-0.42646055537533256,-0.21357762438633984
12865.0,-0.6618725584154393,-0.2943014898379615,-0.0426314274488761
12866.0,1.901791542599226,-0.42646055537533256,-0.17123532764506913
12867.0,-0.6618725584154393,0.3664938378488937,0.248015961213697
12868.0,0.9242075663368244,0.2343347723115227,-0.037960542839604657
12871.0,-0.0833024500152425,-0.2943014898379615,-0.18548735979821046
12872.0,2.330731450551096,-0.2943014898379615,-0.15910401904746357
12873.0,1.891816195902671,-0.42646055537533256,-0.186286089486739
12875.0,0.5052430050815094,-0.2943014898379615,-0.18998743173312793
12876.0,-0.3526368108222307,-0.2943014898379615,0.01568426015680752
12877.0,-0.8913055324362071,1.027289165535749,-0.04653606083586942
12878.0,1.4329502478611356,-0.2943014898379615,-0.12842750622087593
12879.0,-0.4823163178774472,-0.16214242430059048,-0.16232179301856867
12881.0,1.821988769026785,-0.42646055537533256,-0.19542817628314973
12882.0,-0.8314534522568764,-0.2943014898379615,-0.055284797318803
12883.0,-0.6818232518085496,-0.02998335876321942,-0.14665394031814108
12884.0,-0.04340106322902203,-0.42646055537533256,-0.1940989649791979
12885.0,-0.2927847306429,-0.16214242430059048,-0.09194576827856743
12886.0,-0.2528833438566795,-0.2943014898379615,-0.06546619503522672
12888.0,1.213492620536923,-0.2943014898379615,-0.18867746692769485
12890.0,-0.6818232518085496,-0.42646055537533256,-0.1859588990119201
12891.0,0.9242075663368244,-0.16214242430059048,-0.1914585859636556
12893.0,-0.6219711716292189,-0.42646055537533256,-0.21003747156504557
12895.0,-0.5022670112705575,-0.2943014898379615,-0.1884753786932479
12897.0,1.1137391535713717,-0.2943014898379615,-0.2052318614661428
12901.0,-0.8414287989534315,3.009675148596315,1.8338384241038241
12902.0,1.712259955364679,-0.42646055537533256,-0.2145928771832044
12904.0,-0.7416753319878803,-0.2943014898379615,-0.17160341692924042
12906.0,-0.8115027588637661,0.10217570677415164,0.11995096297602927
12908.0,0.8344294460678284,-0.2943014898379615,-0.14105681796765437
12909.0,-0.5321930513602229,0.10217570677415164,0.0274787550303348
12910.0,-0.6917985985051047,0.4986529033862648,0.13862367525769817
12912.0,-0.9012808791327622,0.10217570677415164,-0.03131568922600299
12913.0,-0.8813301857396519,0.10217570677415164,0.06748260220157626
12915.0,0.5551197385642851,-0.2943014898379615,-0.18753109735967127
12916.0,0.4553662715987339,-0.02998335876321942,0.12035273363260839
12917.0,0.35561280463318273,-0.42646055537533256,-0.1598221540234448
12919.0,-0.8414287989534315,0.2343347723115227,-0.0706639525414492
12920.0,-0.7516506786844355,-0.42646055537533256,-0.21169387334381629
12921.0,-0.8314534522568764,4.331265803970026,1.749820240632495
12922.0,0.6847992456195017,-0.42646055537533256,-0.18251136996474732
12923.0,-0.28280938394634486,-0.42646055537533256,-0.21063651883144194
12924.0,-0.04340106322902203,-0.02998335876321942,-0.12036683205998798
12925.0,-0.8813301857396519,-0.2943014898379615,-0.14778707791843304
12928.0,-0.5720944381464433,0.10217570677415164,0.016848673317192447
12929.0,2.1811012501027696,-0.42646055537533256,-0.21889687541446198
12930.0,-0.14315453019457322,-0.2943014898379615,-0.1812579417487131
12931.0,-0.711749291898215,1.423766362147862,4.660636618486521
12933.0,-0.6818232518085496,-0.16214242430059048,-0.1581946219924522
12935.0,-0.9012808791327622,0.3664938378488937,0.028637153659932593
12936.0,-0.7516506786844355,-0.02998335876321942,-0.10329759368616322
12937.0,-0.7716013720775456,-0.02998335876321942,-0.05032521523175018
12938.0,-0.6718479051119944,-0.42646055537533256,-0.21754480889351913
12939.0,-0.28280938394634486,0.4986529033862648,1.1619070736292099
12940.0,-0.38256285091189607,-0.2943014898379615,-0.1230505156971975
12942.0,0.38553884472284805,-0.16214242430059048,-0.15000643977887748
12944.0,-0.5720944381464433,-0.2943014898379615,-0.1585578996519938
12945.0,1.9516682760820017,-0.42646055537533256,-0.17558623921646618
12947.0,0.5052430050815094,0.2343347723115227,-0.058400324266527165
12948.0,-0.7616260253809906,0.3664938378488937,0.0171193272026125
12949.0,-0.6219711716292189,0.4986529033862648,0.2681983207229312
12950.0,-0.9012808791327622,-0.16214242430059048,-0.009579174961379062
12951.0,-0.8414287989534315,0.2343347723115227,-0.10327714428148704
12952.0,-0.8713548390430969,-0.02998335876321942,-0.06433666615340704
12953.0,-0.8314534522568764,-0.42646055537533256,-0.19159692017175917
12955.0,-0.9112562258293173,0.7629710344610069,0.3389219853424275
12956.0,2.131224516619994,-0.42646055537533256,-0.2182749729310746
12957.0,-0.8314534522568764,0.4986529033862648,0.2519975805947654
12962.0,-0.8514041456499867,-0.2943014898379615,-0.19923056264676212
12963.0,-0.8414287989534315,0.4986529033862648,-0.00793961386881223
12965.0,-0.03342571653246691,-0.42646055537533256,-0.13867386086980044
12966.0,-0.8314534522568764,-0.42646055537533256,-0.21200662894474612
12967.0,2.64994254484086,-0.2943014898379615,-0.03783544059923275
12968.0,0.1960072574883008,-0.42646055537533256,-0.21492127056418076
12970.0,-0.8514041456499867,-0.02998335876321942,-0.1825005438093305
12971.0,-0.8913055324362071,10.674900949763835,1.0882844051703255
12974.0,1.0439117266954858,-0.42646055537533256,-0.21385669861486187
12976.0,1.1835665804472575,-0.42646055537533256,-0.14242813098711596
12977.0,0.634922512136726,-0.42646055537533256,-0.2265545760126134
12980.0,0.6448978588332811,0.6308119689236359,0.6558564822631539
12981.0,-0.631946518325774,-0.2943014898379615,-0.1865002067827602
12982.0,1.4928023280404663,-0.42646055537533256,-0.18429648270236226
12984.0,-0.7416753319878803,-0.42646055537533256,-0.21954644473947013
12985.0,-0.9212315725258724,-0.2943014898379615,-0.0850471014657496
12987.0,-0.1930312636773488,-0.2943014898379615,-0.16406841275914608
12988.0,1.9915696628682222,-0.42646055537533256,-0.17042938051959608
12989.0,-0.8913055324362071,1.423766362147862,0.594268889909281
12990.0,-0.6119958249326638,-0.16214242430059048,-0.18201577262788926
12991.0,-0.6917985985051047,-0.2943014898379615,-0.1706771791880251
12993.0,-0.6917985985051047,-0.02998335876321942,-0.18138304398908503
12994.0,-0.8813301857396519,-0.16214242430059048,-0.11559490333349308
12995.0,-0.07332710331868739,-0.42646055537533256,-0.20585496685568766
12997.0,-0.7017739452016598,-0.02998335876321942,-0.08369142622633446
12999.0,1.0339363799989307,-0.16214242430059048,-0.17643669386976388
13000.0,0.13615517730897012,-0.16214242430059048,-0.16693734394459867
13001.0,-0.8813301857396519,1.15944823107312,0.9458855771608117
13002.0,2.2509286769786554,-0.42646055537533256,-0.21672562980031446
13003.0,0.12617983061241497,-0.16214242430059048,-0.21334546349795733
13004.0,-0.8115027588637661,1.8202435587599752,0.44657126027632116
13005.0,0.804503405978163,-0.2943014898379615,-0.1742690569740886
13006.0,-0.36261215751878584,-0.42646055537533256,-0.22146267424824412
13008.0,2.3008054104614306,-0.42646055537533256,-0.20367169217996586
13011.0,2.7895973985926314,-0.42646055537533256,-0.2251940891485686
13012.0,-0.8314534522568764,0.2343347723115227,-0.07469007945034219
13013.0,-0.9112562258293173,1.15944823107312,0.34743615512466375
13014.0,-0.8214781055603213,0.7629710344610069,0.1844892841340593
13015.0,-0.39253819760845116,0.10217570677415164,0.17045257218309656
13016.0,-0.1930312636773488,-0.16214242430059048,-0.13625842530569615
13017.0,-0.8514041456499867,-0.42646055537533256,-0.2067354941629209
13018.0,-0.7616260253809906,3.1418342141336857,0.6441642344130074
13021.0,-0.8813301857396519,0.6308119689236359,0.08345118144135946
13023.0,-0.28280938394634486,-0.2943014898379615,-0.15911243939056555
13026.0,-0.9112562258293173,0.10217570677415164,-0.11394812480398171
13027.0,0.20598260418485592,0.2343347723115227,0.6001739562360678
13028.0,-0.7017739452016598,-0.2943014898379615,-0.1517241897716768
13029.0,-0.6219711716292189,-0.16214242430059048,-0.08121223663588678
13030.0,-0.8115027588637661,-0.2943014898379615,-0.14076330886524327
13032.0,-0.4025135443050063,-0.2943014898379615,-0.1097596055638367
13033.0,2.639967198144305,-0.42646055537533256,-0.2083534029446541
13034.0,-0.38256285091189607,-0.2943014898379615,-0.15395558069369544
13035.0,-0.1930312636773488,-0.2943014898379615,-0.12341259045058166
13037.0,0.4553662715987339,-0.16214242430059048,-0.12529032696231812
13038.0,-0.12320383680146298,-0.16214242430059048,-0.121995566997138
13040.0,-0.8414287989534315,-0.2943014898379615,-0.14983923582299577
13043.0,1.802038075633675,-0.42646055537533256,-0.1691542999927283
13044.0,1.981594316171667,-0.42646055537533256,-0.16385549836928232
13045.0,0.06632775043308428,-0.42646055537533256,-0.19455246060054618
13046.0,-0.6219711716292189,-0.2943014898379615,-0.15557469238158608
13047.0,-0.36261215751878584,0.6308119689236359,0.15438776045071959
13048.0,-0.7815767187741008,-0.02998335876321942,-0.012416830586738644
13049.0,-0.28280938394634486,-0.2943014898379615,-0.15228233822872078
13050.0,-0.7815767187741008,1.6880844932226042,0.46262885457175373
13052.0,1.1935419271438126,-0.42646055537533256,-0.18939560190367605
13055.0,-0.14315453019457322,-0.16214242430059048,-0.08519265311079771
13058.0,-0.6818232518085496,-0.16214242430059048,-0.19862790666189348
13059.0,1.5626297549163521,-0.42646055537533256,-0.20921348084721114
13060.0,1.6025311417025725,-0.42646055537533256,-0.19428180671512613
13061.0,-0.2030066103739039,-0.42646055537533256,-0.2013693297946593
13062.0,0.9840596465161552,-0.42646055537533256,-0.1895363419240945
13064.0,-0.801527412167211,-0.02998335876321942,-0.09828267791586898
13065.0,2.7995727452891868,-0.42646055537533256,-0.20651175361764032
13066.0,-0.6818232518085496,-0.2943014898379615,-0.1794415534510052
13067.0,-0.10325314340835273,-0.42646055537533256,-0.2173860252807394
13068.0,-0.8214781055603213,-0.2943014898379615,-0.1898948079590064
13069.0,-0.9212315725258724,2.4810388864468305,0.24657367673094752
13070.0,0.9940349932127103,-0.42646055537533256,-0.20375228689251318
13072.0,1.732210648757789,-0.42646055537533256,-0.2099652971956002
13075.0,0.3655881513297378,-0.42646055537533256,-0.12065432663161195
13077.0,-0.9112562258293173,-0.02998335876321942,-0.14370080570166893
13078.0,-0.8913055324362071,2.8775160830589437,1.2829747667491513
13079.0,-0.8813301857396519,0.10217570677415164,-0.20479881524947074
13080.0,0.8643554861574938,-0.42646055537533256,-0.2242883008120295
13081.0,-0.8115027588637661,0.895130099998378,3.1692362744232705
13082.0,0.33566211124007245,0.6308119689236359,0.20341099799031467
13083.0,-0.8813301857396519,-0.2943014898379615,-0.1947365052426318
13085.0,0.6448978588332811,-0.2943014898379615,-0.19277215948756093
13089.0,-0.9012808791327622,12.128650670674917,6.773858851224638
13090.0,-0.8414287989534315,1.15944823107312,0.838808885557851
13091.0,-0.6419218650223292,-0.42646055537533256,-0.1896758790383555
13092.0,-0.22295730376701417,0.10217570677415164,-0.175961545937582
13093.0,1.821988769026785,0.4986529033862648,0.7108978593083335
13094.0,-0.711749291898215,0.895130099998378,-0.0241848615248026
13095.0,-0.22295730376701417,-0.42646055537533256,-0.222325157963116
13097.0,-0.6020204782361087,0.7629710344610069,0.4881256534844803
13098.0,-0.9112562258293173,3.1418342141336857,3.2430117119641473
13099.0,0.06632775043308428,-0.42646055537533256,-0.20633131769402696
13101.0,1.4129995544680252,-0.42646055537533256,-0.21910257236738123
13102.0,-0.9112562258293173,2.6131979519842017,0.5341572634105656
13103.0,-0.5321930513602229,-0.42646055537533256,-0.20193108697017556
13104.0,-0.8913055324362071,0.2343347723115227,-0.09913794419379633
13106.0,0.4054895381159583,-0.42646055537533256,-0.2220725476700573
13107.0,-0.4823163178774472,-0.02998335876321942,-0.04703526689119975
13108.0,2.7895973985926314,-0.42646055537533256,-0.1891658468276084
13109.0,-0.33268611742912046,-0.2943014898379615,-0.13666139886843268
13110.0,-0.6119958249326638,0.3664938378488937,-0.05220174883732921
13113.0,-0.9212315725258724,2.6131979519842017,1.2340068628927978
13115.0,-0.8115027588637661,-0.02998335876321942,0.04278092425890597
13116.0,0.4553662715987339,-0.42646055537533256,-0.17099234060126978
13117.0,-0.711749291898215,0.4986529033862648,-0.11279934942364327
13118.0,-0.7316999852913252,0.10217570677415164,-0.09433473990720843
13120.0,1.4529009412542457,-0.42646055537533256,-0.22759388693262642
13121.0,1.7621366888474543,-0.42646055537533256,-0.20063315122631672
13122.0,0.01645101695030868,-0.2943014898379615,-0.12031991871984851
13124.0,-0.03342571653246691,-0.16214242430059048,0.2205764688567332
13126.0,-0.8813301857396519,0.4986529033862648,0.016077610470284665
13127.0,-0.15312987689112834,-0.42646055537533256,-0.20009906089242113
13130.0,0.01645101695030868,-0.42646055537533256,-0.22357618036683538
13131.0,-0.6917985985051047,-0.16214242430059048,-0.1021668618981861
13132.0,1.6823339152750134,-0.42646055537533256,-0.2219763151774635
13133.0,1.802038075633675,-0.2943014898379615,-0.2180668701658405
13134.0,-0.07332710331868739,-0.02998335876321942,-0.01859134789278817
13135.0,1.0339363799989307,-0.42646055537533256,0.14114496656365566
13136.0,-0.36261215751878584,0.10217570677415164,0.08239623274129997
13137.0,-0.8214781055603213,0.4986529033862648,0.20216719302353983
13138.0,-0.7017739452016598,0.2343347723115227,-0.11550829409015866
13139.0,-0.7616260253809906,0.3664938378488937,0.37798997152319436
13140.0,0.15610587070208035,-0.16214242430059048,-0.18045560334171232
13141.0,-0.0833024500152425,0.10217570677415164,0.056069428579951903
13142.0,-0.7316999852913252,-0.42646055537533256,-0.19433473458605272
13144.0,2.390583530730427,-0.42646055537533256,-0.2179285359577369
13145.0,-0.5321930513602229,-0.02998335876321942,-0.15687262812544492
13146.0,-0.6618725584154393,-0.42646055537533256,-0.20373905492478153
13147.0,-0.8214781055603213,-0.02998335876321942,-0.14553162887326593
13148.0,-0.631946518325774,1.027289165535749,0.19538400520183458
13149.0,-0.7815767187741008,-0.02998335876321942,-0.02966049035338968
13151.0,2.0214957029578873,-0.42646055537533256,-0.0799648229506397
13153.0,-0.8713548390430969,-0.42646055537533256,-0.1727870765881441
13155.0,-0.5920451315395535,-0.02998335876321942,-0.1143811710206538
13157.0,-0.43243958439467167,-0.02998335876321942,-0.02398758491498533
13158.0,0.01645101695030868,-0.02998335876321942,-0.08679853283095672
13159.0,-0.8414287989534315,-0.02998335876321942,-0.05933738816315929
13160.0,-0.7017739452016598,-0.42646055537533256,-0.22023210124920092
13161.0,2.2010519434958797,-0.42646055537533256,-0.21771201284940087
13162.0,0.295760724453852,-0.02998335876321942,-0.03309719324514565
13165.0,-0.462365624484337,-0.2943014898379615,-0.10840032160594931
13166.0,1.901791542599226,-0.42646055537533256,-0.18108953488667395
13167.0,-0.7416753319878803,-0.02998335876321942,-0.13752869420793426
13168.0,-0.5621190914498881,-0.02998335876321942,-0.07519890875493189
13169.0,-0.2927847306429,-0.2943014898379615,-0.14552200562400655
13170.0,-0.6618725584154393,-0.42646055537533256,-0.21818595787542533
13171.0,-0.711749291898215,-0.16214242430059048,-0.17492945245451352
13173.0,-0.8813301857396519,-0.2943014898379615,-0.1887340035170937
13174.0,-0.7616260253809906,-0.16214242430059048,0.09817956443284011
13176.0,-0.462365624484337,-0.42646055537533256,-0.17335605120060493
13177.0,-0.28280938394634486,-0.42646055537533256,-0.19729869535794164
13178.0,-0.6618725584154393,0.895130099998378,0.45744553193942034
13182.0,-0.47234097118089213,-0.42646055537533256,-0.21669796295869373
13183.0,-0.8514041456499867,0.6308119689236359,0.24480901339800878
13184.0,-0.7815767187741008,0.7629710344610069,-0.03695130457352722
13185.0,1.7421859954543442,-0.42646055537533256,-0.22268602981034274
13186.0,-0.5321930513602229,-0.16214242430059048,-0.04171000133229048
13187.0,2.4404602642132023,-0.42646055537533256,-0.20288378864685416
13188.0,-0.8115027588637661,-0.42646055537533256,-0.21748947521027773
13189.0,-0.7416753319878803,-0.2943014898379615,-0.19991742206265034
13192.0,0.0264263636468638,-0.2943014898379615,-0.12157695565435497
13193.0,-0.31273542403601023,-0.42646055537533256,-0.21779260756194818
13194.0,0.42544023150906857,-0.42646055537533256,-0.2239731393987848
13196.0,-0.8115027588637661,-0.02998335876321942,-0.015018716605243447
13198.0,-0.8214781055603213,0.2343347723115227,0.17654529187044135
13199.0,-0.8913055324362071,4.331265803970026,0.946245246101881
13200.0,-0.7316999852913252,-0.02998335876321942,-0.126611117923168
13203.0,-0.8314534522568764,-0.02998335876321942,-0.1266869010110856
13207.0,-0.7716013720775456,-0.2943014898379615,-0.20117085027868456
13208.0,-0.33268611742912046,0.10217570677415164,-0.08774762578916302
13209.0,-0.6219711716292189,0.4986529033862648,0.4774306148388371
13210.0,0.006475670253753564,-0.42646055537533256,-0.1887544529217699
13211.0,-0.8214781055603213,-0.16214242430059048,-0.0995060334779676
13212.0,-0.7316999852913252,-0.16214242430059048,-0.1366265145898674
13213.0,-0.36261215751878584,0.10217570677415164,-0.04836327528899415
13216.0,1.7421859954543442,-0.42646055537533256,-0.19112898967652184
13217.0,0.295760724453852,-0.2943014898379615,-0.21479255960533655
13218.0,0.3456374579366276,-0.42646055537533256,-0.22373977560424482
13220.0,-0.14315453019457322,-0.02998335876321942,-0.1327218812028741
13221.0,1.472851634647356,-0.2943014898379615,-0.12964605015834488
13223.0,1.0738377667851513,-0.2943014898379615,-0.21164335128520453
13224.0,-0.3227107707325653,-0.2943014898379615,0.02770490138793018
13225.0,-0.8913055324362071,0.3664938378488937,0.5462645138850227
13226.0,1.802038075633675,-0.42646055537533256,-0.21825813224487067
13227.0,1.0838131134817064,-0.42646055537533256,-0.20027588809756225
13228.0,-0.11322849010490786,-0.42646055537533256,-0.18821073933861496
13229.0,1.3232214341990292,-0.42646055537533256,-0.2119140051706246
13230.0,-0.8813301857396519,1.291607296610491,0.09496179046173503
13232.0,-0.801527412167211,0.3664938378488937,-0.07155891472257152
13233.0,-0.18305591698079368,-0.2943014898379615,-0.158484522376391
13235.0,1.1935419271438126,-0.42646055537533256,-0.10724673460098118
13236.0,-0.6818232518085496,-0.2943014898379615,-0.1416763146387269
13238.0,-0.7516506786844355,-0.02998335876321942,-0.14937731985854552
13239.0,1.6823339152750134,-0.42646055537533256,-0.19163180445032443
13240.0,0.03640171034341892,-0.02998335876321942,-0.15324225734234392
13242.0,0.1960072574883008,-0.16214242430059048,-0.1987481972776357
13243.0,1.1037638068748166,-0.42646055537533256,-0.16089033469123593
13244.0,-0.003499676442801554,-0.42646055537533256,-0.21663060021387806
13245.0,-0.42246423769811653,-0.42646055537533256,-0.17948966969730207
13246.0,-0.7416753319878803,0.2343347723115227,0.004677668816391978
13247.0,-0.7516506786844355,-0.02998335876321942,-0.17099474641358461
13248.0,0.3157114178469622,-0.2943014898379615,-0.17525784583548984
13249.0,-0.003499676442801554,-0.16214242430059048,-0.14569883282914764
13253.0,0.634922512136726,-0.2943014898379615,-0.10732732931352847
13255.0,-0.8314534522568764,-0.2943014898379615,-0.1832174758791543
13258.0,-0.8115027588637661,-0.16214242430059048,-0.1503396447844835
13259.0,-0.31273542403601023,-0.42646055537533256,-0.19721088320844982
13260.0,-0.31273542403601023,-0.42646055537533256,-0.1641983266241477
13261.0,1.7521613421508992,-0.2943014898379615,-0.11770840945208433
13262.0,1.7022846086681238,-0.42646055537533256,-0.20718177234732463
13263.0,-0.9112562258293173,3.934788607357912,0.6602843798286259
13265.0,-0.39253819760845116,0.10217570677415164,0.020452580164830154
13266.0,-0.8115027588637661,1.027289165535749,0.2247096544136368
13267.0,-0.9012808791327622,1.9524026242973462,0.3048352335595471
13268.0,-0.7516506786844355,0.7629710344610069,0.1435940835001678
13269.0,-0.9112562258293173,1.423766362147862,0.4114716615088911
13270.0,2.729745318413301,-0.42646055537533256,-0.16030331648641377
13271.0,-0.552143744753333,-0.42646055537533256,-0.20808635777770632
13272.0,-0.6119958249326638,-0.2943014898379615,-0.1980072070846635
13273.0,0.20598260418485592,-0.42646055537533256,-0.21455678999848174
13276.0,-0.2927847306429,-0.2943014898379615,-0.1601914462137735
13277.0,-0.7716013720775456,-0.02998335876321942,-0.2001916846665427
13278.0,-0.5222177046636677,-0.42646055537533256,-0.16598945389254977
13279.0,-0.14315453019457322,-0.42646055537533256,-0.2147047474558447
13280.0,0.295760724453852,-0.16214242430059048,-0.1352275347287851
13282.0,-0.7416753319878803,-0.16214242430059048,-0.09508896206791231
13283.0,-0.33268611742912046,-0.2943014898379615,-0.22000836070392035
13284.0,2.3706328373373164,-0.42646055537533256,-0.20767977549649752
13285.0,-0.6917985985051047,-0.02998335876321942,0.09460693314529536
13291.0,0.6249471654401709,-0.42646055537533256,-0.18783663552365656
13292.0,-0.542168398056778,-0.2943014898379615,-0.161633730696523
13294.0,0.9641089531230449,-0.2943014898379615,-0.12617205717570878
13295.0,2.659917891537415,-0.42646055537533256,-0.20707230788699918
13296.0,0.4453909249021788,-0.42646055537533256,-0.2207613799584668
13297.0,-0.8514041456499867,-0.02998335876321942,0.020114563534594447
13298.0,-0.9112562258293173,-0.42646055537533256,-0.18797015810713044
13299.0,1.7521613421508992,-0.42646055537533256,-0.21413336703106903
13300.0,0.7646020191919426,-0.42646055537533256,-0.18653990268595513
13301.0,0.10622913721930474,-0.02998335876321942,-0.1590775551120003
13302.0,0.6249471654401709,-0.42646055537533256,-0.22360625302077095
13304.0,2.580115117964974,-0.42646055537533256,-0.1951370729930535
13305.0,-0.8813301857396519,0.7629710344610069,0.00940990163969194
13307.0,0.27581003106074176,-0.42646055537533256,-0.22947042053820546
13308.0,-0.7017739452016598,-0.16214242430059048,-0.06461092875729936
13309.0,-0.8514041456499867,0.10217570677415164,-0.056036613667192044
13310.0,-0.6419218650223292,-0.16214242430059048,-0.0986327236076789
13311.0,-0.8813301857396519,-0.2943014898379615,-0.15927242590950275
13313.0,-0.7017739452016598,0.10217570677415164,-0.044184379298108485
13314.0,-0.9112562258293173,-0.16214242430059048,-0.15917138179227924
13316.0,-0.552143744753333,-0.02998335876321942,0.4583428999328575
13317.0,-0.26285869055323463,0.2343347723115227,0.03406586914838018
13318.0,-0.9112562258293173,-0.16214242430059048,-0.15419736483133736
13319.0,-0.8713548390430969,2.8775160830589437,1.0696742440088425
13320.0,-0.14315453019457322,-0.02998335876321942,-0.05311836332928515
13321.0,-0.2030066103739039,-0.2943014898379615,-0.16302669602681824
13322.0,-0.7516506786844355,-0.42646055537533256,-0.20727920774607583
13323.0,-0.8913055324362071,0.10217570677415164,-0.13650381816181031
13324.0,-0.5621190914498881,0.7629710344610069,0.6254289710111525
13325.0,-0.11322849010490786,-0.42646055537533256,-0.15004252696360018
13327.0,-0.542168398056778,0.4986529033862648,0.20388494301633914
13328.0,2.2309779835855448,-0.42646055537533256,-0.0738769148879246
13329.0,-0.6119958249326638,-0.2943014898379615,-0.13636548395370676
13330.0,-0.003499676442801554,-0.16214242430059048,-0.09403160755553798
13332.0,-0.7815767187741008,-0.42646055537533256,-0.1890648027103849
13334.0,-0.10325314340835273,-0.16214242430059048,0.19002144955204522
13336.0,-0.15312987689112834,-0.42646055537533256,-0.1356293053853642
13338.0,0.6448978588332811,-0.42646055537533256,-0.18050973411879634
13339.0,1.0738377667851513,-0.42646055537533256,-0.12781041536211818
13340.0,-0.47234097118089213,0.3664938378488937,1.0602230103299743
13341.0,1.6723585685784583,-0.42646055537533256,-0.13794730555071727
13343.0,0.8444047927643835,-0.42646055537533256,-0.20072938371891053
13344.0,-0.2528833438566795,-0.16214242430059048,0.07085795687930369
13345.0,1.9416929293854466,-0.42646055537533256,-0.1904361157298465
13347.0,-0.22295730376701417,-0.42646055537533256,-0.19622690597167824
13348.0,-0.28280938394634486,-0.42646055537533256,-0.20315564543843165
13349.0,-0.8214781055603213,-0.42646055537533256,-0.2075390354760791
13350.0,-0.7616260253809906,-0.2943014898379615,-0.1315334099193407
13351.0,-0.26285869055323463,-0.42646055537533256,-0.19230783771079585
13352.0,-0.3227107707325653,-0.42646055537533256,-0.18941605130835226
13354.0,-0.21298195707045905,-0.42646055537533256,-0.1418350982515067
13355.0,0.295760724453852,-0.42646055537533256,-0.1501147013330455
13356.0,-0.12320383680146298,-0.42646055537533256,-0.1388627171365158
13357.0,1.642432528488793,-0.42646055537533256,-0.1579696785410142
13358.0,1.7521613421508992,-0.42646055537533256,-0.18447812153213305
13359.0,-0.2927847306429,-0.42646055537533256,-0.18441436750578966
13362.0,-0.8314534522568764,-0.02998335876321942,0.14051223792485143
13363.0,-0.7516506786844355,-0.2943014898379615,-0.12391540522438425
13365.0,-0.5920451315395535,-0.2943014898379615,0.034269160288984586
13366.0,-0.42246423769811653,-0.42646055537533256,-0.22451925879425458
13368.0,1.632457181792238,-0.2943014898379615,-0.1623001407077351
13369.0,2.7197699717167456,-0.42646055537533256,-0.20344193710389818
13370.0,2.7796220518960766,-0.42646055537533256,-0.1425159431366078
13372.0,-0.03342571653246691,-0.42646055537533256,-0.1917424718168073
13373.0,-0.3227107707325653,-0.16214242430059048,0.16715781221791645
13375.0,-0.04340106322902203,-0.42646055537533256,-0.137610491826639
13376.0,0.06632775043308428,-0.16214242430059048,-0.12665081382636292
13379.0,-0.6618725584154393,-0.16214242430059048,-0.16240118482495858
13381.0,-0.6119958249326638,0.2343347723115227,0.20650006100257554
13382.0,1.8718655025095607,-0.42646055537533256,-0.20445117536997562
13384.0,-0.6219711716292189,0.3664938378488937,0.26816343644436597
13385.0,2.3606574906407616,-0.42646055537533256,-0.1669710253170065
13388.0,0.38553884472284805,-0.2943014898379615,-0.15583452011158935
13389.0,-0.8115027588637661,-0.16214242430059048,-0.13528768003665623
13390.0,-0.18305591698079368,-0.42646055537533256,-0.16582706156129773
13391.0,1.1037638068748166,-0.42646055537533256,-0.22408140095295281
13394.0,-0.9112562258293173,0.4986529033862648,0.049760185784271105
13395.0,0.9242075663368244,-0.42646055537533256,-0.1942589514981351
13396.0,-0.631946518325774,-0.2943014898379615,-0.06952720622268496
13397.0,-0.2030066103739039,0.10217570677415164,-0.04553043128826423
13398.0,0.9940349932127103,-0.42646055537533256,-0.1762610695707802
13402.0,0.3456374579366276,-0.2943014898379615,-0.1565466405567834
13403.0,-0.7516506786844355,-0.42646055537533256,-0.22225298359367068
13404.0,-0.9112562258293173,-0.2943014898379615,-0.20090260220557937
13405.0,1.1137391535713717,-0.2943014898379615,-0.1642187760288239
13408.0,-0.9112562258293173,7.635242442404302,3.1419194784943634
13410.0,-0.6818232518085496,0.10217570677415164,-0.1106160747479215
13411.0,0.14613052400552523,-0.42646055537533256,-0.20558671878258244
13414.0,0.4054895381159583,-0.16214242430059048,-0.06401067858474555
13416.0,-0.49229166457400236,-0.2943014898379615,-0.1455677160579886
13417.0,-0.8813301857396519,-0.2943014898379615,-0.1541889444882354
13418.0,-0.8115027588637661,1.8202435587599752,0.47642257947891703
13419.0,-0.2927847306429,-0.42646055537533256,-0.20468333625835816
13420.0,0.5650950852608402,-0.2943014898379615,-0.21413938156185613
13421.0,-0.5222177046636677,-0.2943014898379615,-0.011959726246918113
13422.0,-0.28280938394634486,-0.42646055537533256,0.08464446434952255
13425.0,0.15610587070208035,-0.16214242430059048,-0.035897558779625145
13426.0,-0.9212315725258724,0.7629710344610069,0.20674184514021748
13427.0,-0.7316999852913252,-0.16214242430059048,-0.16119346704290638
13428.0,-0.8214781055603213,-0.42646055537533256,-0.20700253932986867
13429.0,-0.8214781055603213,-0.02998335876321942,-0.11016618784504549
13430.0,-0.7416753319878803,-0.2943014898379615,-0.15104454779273307
13431.0,-0.2528833438566795,-0.2943014898379615,-0.07861395933585427
13434.0,-0.18305591698079368,-0.2943014898379615,-0.16701072122020144
13435.0,-0.8713548390430969,0.3664938378488937,0.2270192342358879
13436.0,-0.9112562258293173,-0.42646055537533256,-0.20759076044084826
13437.0,-0.7815767187741008,0.3664938378488937,0.17868285611218107
13439.0,1.6224818350956827,-0.42646055537533256,-0.19714712918210642
13441.0,-0.013475023139356673,-0.42646055537533256,-0.19559177152055918
13447.0,-0.6917985985051047,-0.16214242430059048,-0.09544983391513906
13448.0,-0.7616260253809906,0.2343347723115227,0.1854046957198578
13449.0,-0.6917985985051047,-0.42646055537533256,-0.19616435485149228
13450.0,-0.6618725584154393,0.2343347723115227,0.014565557430404635
13451.0,-0.6618725584154393,0.10217570677415164,0.11735870020678388
13452.0,1.6623832218819032,-0.2943014898379615,-0.16030331648641377
13453.0,0.7247006324057221,-0.2943014898379615,-0.18833343576667202
13455.0,-0.6818232518085496,-0.2943014898379615,-0.10575272515346247
13456.0,-0.7516506786844355,0.2343347723115227,-0.021208871691339424
13458.0,-0.8514041456499867,1.291607296610491,0.9251234168837001
13460.0,-0.631946518325774,-0.2943014898379615,-0.20920866922258147
13461.0,-0.542168398056778,-0.16214242430059048,-0.05745484002679312
13462.0,1.5925557950060174,-0.42646055537533256,-0.21305075148938882
13464.0,-0.3426614641256756,-0.42646055537533256,-0.15011710714536036
13466.0,0.9142322196402694,-0.42646055537533256,-0.19423729918730148
13467.0,-0.8214781055603213,-0.2943014898379615,-0.10233406585406782
13468.0,-0.9112562258293173,4.331265803970026,0.4525857910634335
13470.0,0.06632775043308428,-0.2943014898379615,-0.2114268281768685
13471.0,-0.9112562258293173,-0.02998335876321942,0.06967309431424257
13473.0,-0.3227107707325653,-0.2943014898379615,-0.18043515393703613
13474.0,1.4329502478611356,-0.42646055537533256,-0.203988056499368
13475.0,0.9840596465161552,-0.02998335876321942,-0.059045081966905624
13476.0,0.8543801394609386,-0.2943014898379615,-0.09886849321453371
13477.0,-0.552143744753333,0.2343347723115227,-0.056302455927982414
13479.0,1.0738377667851513,-0.2943014898379615,-0.19627021059334546
13481.0,-0.47234097118089213,-0.02998335876321942,-0.016007505466644714
13482.0,1.393048861074915,-0.42646055537533256,-0.20906432048369075
13483.0,-0.2728340372497898,-0.42646055537533256,-0.2143931947610723
13484.0,1.482826981343911,-0.42646055537533256,-0.19352758455442223
13485.0,1.40302420777147,-0.42646055537533256,-0.17663397047958115
13486.0,-0.14315453019457322,-0.16214242430059048,-0.09625938975908438
13487.0,-0.3526368108222307,-0.16214242430059048,-0.1620595594762506
13488.0,-0.7516506786844355,1.15944823107312,0.8439320628823134
13489.0,0.12617983061241497,-0.02998335876321942,-0.17720174218588455
13491.0,-0.4124888910015614,0.7629710344610069,-0.08502304334260116
13492.0,0.43541557820562365,-0.16214242430059048,-0.07852494428020501
13493.0,1.821988769026785,-0.2943014898379615,-0.17129427004678285
13494.0,2.1811012501027696,-0.42646055537533256,-0.19323166963969632
13495.0,-0.8514041456499867,0.10217570677415164,0.011131260350963507
13496.0,-0.8214781055603213,-0.2943014898379615,-0.1526853117914573
13497.0,1.891816195902671,-0.2943014898379615,-0.19265547759029095
13499.0,-0.7516506786844355,0.10217570677415164,-0.09184472416134395
13500.0,-0.6917985985051047,-0.16214242430059048,-0.09453201651702572
13501.0,1.9516682760820017,-0.42646055537533256,-0.07004686168269149
13502.0,-0.7616260253809906,-0.16214242430059048,-0.1961499199776032
13503.0,-0.21298195707045905,-0.42646055537533256,-0.20518975975063303
13504.0,-0.28280938394634486,-0.42646055537533256,-0.19567717785773617
13505.0,-0.2030066103739039,-0.02998335876321942,0.199736119679389
13506.0,2.2309779835855448,-0.2943014898379615,-0.17611912664420434
13507.0,-0.8913055324362071,-0.02998335876321942,0.06694490314920838
13508.0,1.5027776747370214,-0.42646055537533256,-0.21792613014542206
13509.0,-0.8414287989534315,0.2343347723115227,-0.11522801695547921
13510.0,-0.9112562258293173,-0.02998335876321942,-0.015766924235160223
13512.0,1.6723585685784583,-0.42646055537533256,-0.20105657419372944
13513.0,0.33566211124007245,-0.42646055537533256,-0.20660317448560442
13514.0,-0.1930312636773488,-0.42646055537533256,-0.21296654805836923
13515.0,-0.2030066103739039,-0.02998335876321942,-0.12408140627410853
13516.0,-0.711749291898215,-0.16214242430059048,-0.06414179535590459
13517.0,-0.33268611742912046,-0.16214242430059048,0.02475417258377291
13518.0,-0.07332710331868739,-0.42646055537533256,-0.1558333172054319
13519.0,-0.14315453019457322,-0.42646055537533256,-0.2165091066919784
13520.0,-0.3426614641256756,0.2343347723115227,0.12571769509471256
13521.0,-0.9112562258293173,-0.16214242430059048,-0.10250728434073667
13522.0,-0.6219711716292189,-0.42646055537533256,-0.21614222031396457
13523.0,-0.5920451315395535,0.10217570677415164,0.22581512517230806
13524.0,-0.5222177046636677,0.10217570677415164,-0.149455508758778
13525.0,-0.7815767187741008,-0.2943014898379615,-0.15563844640792948
13527.0,-0.5920451315395535,0.3664938378488937,0.03560318321756612
13529.0,-0.14315453019457322,-0.2943014898379615,-0.1942541398735054
13531.0,1.1237145002679267,-0.2943014898379615,-0.17307817987824034
13532.0,-0.5920451315395535,-0.42646055537533256,-0.20597646037758732
13533.0,0.8942815262471591,-0.16214242430059048,-0.19890577798425807
13534.0,-0.9012808791327622,2.7453570175215725,0.46627005151027145
13536.0,-0.9112562258293173,0.3664938378488937,0.18305301418209685
13538.0,-0.49229166457400236,0.3664938378488937,-0.07720054460088288
13539.0,-0.07332710331868739,-0.16214242430059048,-0.15533050243162932
13544.0,-0.5321930513602229,-0.2943014898379615,-0.19806735239253462
13546.0,-0.801527412167211,-0.16214242430059048,-0.15656348124298736
13548.0,0.03640171034341892,-0.2943014898379615,-0.14969849580257732
13549.0,-0.6718479051119944,0.3664938378488937,-0.12082393639980851
13551.0,2.2609040236752103,-0.42646055537533256,-0.22023210124920092
13552.0,-0.26285869055323463,1.027289165535749,0.20590582536080884
13555.0,-0.1930312636773488,-0.02998335876321942,0.2617820192792398
13557.0,-0.6419218650223292,-0.2943014898379615,-0.1610178427439227
13558.0,-0.8713548390430969,-0.02998335876321942,-0.15975960290325883
13560.0,-0.8514041456499867,-0.42646055537533256,-0.21065456242380326
13561.0,1.223467967233478,-0.42646055537533256,-0.2142103530251441
13562.0,-0.11322849010490786,-0.16214242430059048,-0.014832266150842943
13563.0,-0.0833024500152425,-0.2943014898379615,-0.13774521731627032
13564.0,2.6100411580546394,-0.2943014898379615,-0.09004998817446963
13565.0,-0.7316999852913252,-0.2943014898379615,-0.20237856806073673
13566.0,-0.5222177046636677,-0.2943014898379615,-0.12820496858175276
13568.0,0.804503405978163,-0.42646055537533256,-0.20877442009975197
13569.0,-0.7516506786844355,-0.2943014898379615,-0.19072240739531304
13570.0,1.5027776747370214,-0.42646055537533256,-0.20246638021022856
13571.0,-0.801527412167211,1.027289165535749,0.02000509907426902
13572.0,1.1237145002679267,-0.42646055537533256,-0.06476249493313459
13573.0,-0.42246423769811653,-0.2943014898379615,-0.19636042855515215
13575.0,-0.6917985985051047,0.10217570677415164,-0.14321362870791285
13576.0,-0.8214781055603213,1.8202435587599752,0.5767581849756822
13577.0,-0.6718479051119944,-0.02998335876321942,-0.03179685168897198
13579.0,-0.7815767187741008,-0.2943014898379615,-0.1750942505980804
13581.0,2.161150556709659,-0.42646055537533256,-0.21708048711675407
13583.0,0.6249471654401709,-0.42646055537533256,-0.13732420016117247
13584.0,2.131224516619994,-0.42646055537533256,-0.21414539609264324
13587.0,-0.2927847306429,-0.42646055537533256,-0.18953393611177966
13588.0,-0.7716013720775456,0.6308119689236359,0.06357796881458293
13589.0,-0.7815767187741008,-0.2943014898379615,-0.1856064475077953
13590.0,-0.8115027588637661,0.2343347723115227,0.007131597377533815
13591.0,-0.28280938394634486,-0.16214242430059048,-0.09689452421020343
13592.0,-0.5720944381464433,-0.02998335876321942,-0.20144751869489172
13593.0,0.15610587070208035,0.10217570677415164,0.005105903408434368
13594.0,-0.4025135443050063,-0.42646055537533256,-0.1835230140431396
13596.0,-0.8713548390430969,-0.2943014898379615,-0.1513885789537559
13598.0,-0.4523902777877819,-0.42646055537533256,-0.21355717498166368
13599.0,-0.9112562258293173,2.2167207553720885,0.38342710735474383
13600.0,2.1910765967993244,-0.42646055537533256,-0.20486858380660122
13601.0,-0.47234097118089213,-0.2943014898379615,-0.1478748900679249
13602.0,-0.28280938394634486,-0.42646055537533256,-0.17968333758864707
13603.0,-0.6618725584154393,-0.42646055537533256,-0.2115062199832584
13606.0,-0.631946518325774,-0.16214242430059048,-0.19798435186767246
13607.0,-0.5222177046636677,-0.42646055537533256,-0.1500172659342943
13610.0,-0.801527412167211,0.3664938378488937,-0.10305941826699357
13611.0,-0.03342571653246691,-0.16214242430059048,-0.09241129296148991
13614.0,-0.6818232518085496,-0.02998335876321942,-0.04055882013963719
13615.0,2.2509286769786554,-0.42646055537533256,-0.183159736383598
13617.0,-0.5222177046636677,-0.16214242430059048,-0.1658150324997235
13618.0,0.804503405978163,-0.42646055537533256,-0.20994244197860917
13621.0,0.2359086442745213,-0.42646055537533256,-0.20555063159785977
13623.0,-0.6219711716292189,0.10217570677415164,-0.14493137870071213
13626.0,1.5925557950060174,-0.42646055537533256,-0.2003324246869611
13627.0,-0.33268611742912046,0.10217570677415164,-0.035715919949854354
13629.0,-0.6917985985051047,0.895130099998378,0.7060730027109119
13630.0,-0.8713548390430969,0.3664938378488937,0.013129287478442208
13631.0,0.06632775043308428,0.895130099998378,0.138067932612969
13632.0,-0.6818232518085496,0.10217570677415164,0.023612614640378962
13634.0,-0.5920451315395535,0.10217570677415164,-0.0451418925994168
13635.0,-0.2528833438566795,-0.42646055537533256,-0.10243992159592101
13636.0,-0.5621190914498881,0.10217570677415164,-0.11710455056105826
13637.0,-0.4025135443050063,-0.16214242430059048,-0.13467540080252818
13638.0,-0.7716013720775456,-0.42646055537533256,-0.21652233865971005
13639.0,-0.18305591698079368,-0.42646055537533256,-0.10697367490324627
13642.0,1.223467967233478,-0.42646055537533256,-0.19371042629035046
13643.0,-0.6119958249326638,-0.16214242430059048,-0.16879102233318669
13644.0,-0.7616260253809906,-0.02998335876321942,0.08139180609985222
13645.0,0.27581003106074176,-0.42646055537533256,-0.20094951554571885
13647.0,-0.8314534522568764,-0.02998335876321942,-0.03302141015722805
13649.0,1.632457181792238,-0.2943014898379615,-0.18958205235807654
13650.0,-0.7616260253809906,0.2343347723115227,-0.013447721163649716
13651.0,-0.5321930513602229,-0.42646055537533256,-0.22174776300755322
13652.0,-0.47234097118089213,-0.16214242430059048,-0.09954693228731999
13654.0,-0.49229166457400236,0.2343347723115227,0.09439161294311675
13655.0,0.21595795088141106,-0.2943014898379615,-0.11904724400529554
13656.0,0.7147252857091669,-0.2943014898379615,-0.1856064475077953
13657.0,-0.8214781055603213,-0.2943014898379615,-0.1853069238745971
13658.0,-0.8314534522568764,0.10217570677415164,0.0661040717451701
13659.0,1.1237145002679267,-0.2943014898379615,-0.04326054736920805
13662.0,-0.07332710331868739,-0.16214242430059048,-0.1252674717453271
13663.0,0.8643554861574938,-0.42646055537533256,-0.20848331680965573
13666.0,-0.3227107707325653,-0.16214242430059048,-0.221092179151758
13667.0,0.5650950852608402,-0.42646055537533256,-0.19530187113662037
13668.0,-0.9012808791327622,2.2167207553720885,0.5230772947945473
13669.0,-0.42246423769811653,-0.2943014898379615,-0.2049852657038712
13670.0,-0.17308057028423857,-0.42646055537533256,-0.18920915144927558
13672.0,2.0813477831372182,-0.42646055537533256,-0.2163274678622076
13673.0,-0.7416753319878803,-0.2943014898379615,-0.1846693836111632
13675.0,0.5850457786539505,-0.2943014898379615,-0.17271490221869876
13678.0,0.5850457786539505,-0.42646055537533256,-0.20329518255269266
13680.0,-0.9112562258293173,-0.16214242430059048,0.0332454871490181
13681.0,-0.7516506786844355,-0.02998335876321942,-0.1316945993444353
13682.0,0.9441582597299347,-0.42646055537533256,-0.22411748813767549
13684.0,1.9217422359923364,-0.42646055537533256,-0.22380112381827336
13685.0,-0.9012808791327622,0.3664938378488937,0.14396457859665393
13686.0,0.8942815262471591,-0.42646055537533256,-0.2226138554408974
13689.0,-0.2927847306429,-0.42646055537533256,-0.12181031944889494
13690.0,-0.33268611742912046,-0.42646055537533256,-0.21055472121273722
13692.0,-0.6818232518085496,-0.16214242430059048,-0.054042195258185606
13694.0,-0.8913055324362071,6.0493336559558495,7.413831390908853
13695.0,-0.6119958249326638,1.423766362147862,0.06994855982429231
13697.0,-0.542168398056778,-0.42646055537533256,-0.21307480961253727
13699.0,0.6249471654401709,-0.42646055537533256,-0.19415550156859673
13700.0,-0.6618725584154393,0.7629710344610069,0.039214307502148354
13703.0,2.2509286769786554,-0.42646055537533256,-0.21930586350798564
13704.0,-0.8713548390430969,0.6308119689236359,0.04636317879571004
13705.0,-0.8514041456499867,-0.16214242430059048,-0.14564470205206365
13706.0,2.091323129833773,-0.42646055537533256,-0.19148384699296148
13707.0,1.7421859954543442,-0.2943014898379615,-0.13427122433363423
13708.0,1.7820873822405647,-0.42646055537533256,-0.1971928396160885
13709.0,-0.8913055324362071,1.15944823107312,0.5235307904158957
13710.0,-0.6119958249326638,-0.42646055537533256,-0.2095647294451785
13711.0,1.2533940073231433,-0.2943014898379615,-0.20095432717034853
13712.0,1.5327037148266867,-0.42646055537533256,-0.2037474752678835
13715.0,1.8818408492061158,0.10217570677415164,-0.10382807530158653
13716.0,1.7621366888474543,-0.42646055537533256,-0.21464099342950133
13717.0,-0.6020204782361087,0.2343347723115227,-0.05898734247134935
13718.0,1.5327037148266867,-0.2943014898379615,-0.19439969151855352
13719.0,-0.7716013720775456,0.10217570677415164,-0.10597045116795593
13720.0,0.2359086442745213,-0.02998335876321942,-0.13505431624211628
13721.0,-0.5621190914498881,-0.42646055537533256,-0.16822565643919812
13722.0,0.38553884472284805,-0.16214242430059048,0.054464751765950316
13723.0,1.2434186606265882,-0.42646055537533256,-0.20723470021825122
13725.0,-0.43243958439467167,0.4986529033862648,0.005380166012326686
13726.0,-0.542168398056778,-0.2943014898379615,-0.1014018135820654
13727.0,-0.6419218650223292,-0.2943014898379615,-0.19116026523661483
13728.0,-0.5621190914498881,0.2343347723115227,-0.1090426734940129
13730.0,0.42544023150906857,-0.2943014898379615,-0.14074406236672451
13731.0,1.2633693540196984,-0.2943014898379615,-0.15782653270828093
13732.0,-0.6419218650223292,-0.42646055537533256,-0.17210863751535785
13735.0,-0.6818232518085496,-0.02998335876321942,0.10717369377188787
13736.0,-0.8713548390430969,-0.2943014898379615,-0.14348668840564774
13737.0,1.0738377667851513,-0.42646055537533256,-0.19042408666827226
13739.0,-0.7416753319878803,-0.42646055537533256,-0.2051837452198459
13740.0,1.472851634647356,-0.42646055537533256,-0.18908284630274624
13741.0,-0.21298195707045905,-0.16214242430059048,-0.1508689234937494
13742.0,-0.7616260253809906,1.027289165535749,0.1425728161725161
13743.0,-0.9012808791327622,0.3664938378488937,-0.06989288969454141
13744.0,0.0264263636468638,-0.2943014898379615,-0.10129836365252709
13745.0,0.6947745923160568,-0.42646055537533256,-0.19620525366084465
13747.0,2.7995727452891868,-0.42646055537533256,-0.22169964676125634
13748.0,0.0264263636468638,0.10217570677415164,-0.11720920339675402
13750.0,-0.39253819760845116,0.10217570677415164,-0.03312486008676637
13751.0,1.9516682760820017,-0.42646055537533256,-0.19563868486069866
13752.0,0.3157114178469622,0.2343347723115227,-0.08988759584321758
13753.0,1.9416929293854466,-0.42646055537533256,-0.1421081579492416
13754.0,0.5850457786539505,-0.2943014898379615,-0.1972806517655803
13755.0,-0.8913055324362071,0.6308119689236359,0.02230505564726076
13756.0,-0.9012808791327622,1.291607296610491,0.39297577643236337
13758.0,-0.8115027588637661,0.3664938378488937,0.15251844428208508
13759.0,-0.5920451315395535,-0.2943014898379615,-0.15195394484774444
13760.0,-0.38256285091189607,-0.2943014898379615,-0.19677663408562032
13761.0,-0.42246423769811653,-0.2943014898379615,-0.10248563202990305
13763.0,-0.2927847306429,-0.42646055537533256,-0.024981185401016286
13764.0,-0.22295730376701417,-0.16214242430059048,-0.048863684250481876
13767.0,-0.9012808791327622,4.331265803970026,1.836269497447975
13769.0,-0.9012808791327622,0.7629710344610069,0.10511913005501032
13771.0,-0.28280938394634486,-0.02998335876321942,0.08562483286782181
13772.0,-0.5920451315395535,-0.16214242430059048,-0.09623292582362107
13774.0,-0.11322849010490786,-0.42646055537533256,-0.18977451734326414
13777.0,-0.9212315725258724,3.802629541820541,2.8935337918605137
13778.0,0.10622913721930474,-0.42646055537533256,-0.2097788467411997
13780.0,-0.8514041456499867,-0.2943014898379615,-0.18796895520097304
13781.0,1.5726051016129072,-0.42646055537533256,-0.21589682745785038
13782.0,-0.801527412167211,0.2343347723115227,-0.1219474507508411
13784.0,-0.8314534522568764,0.895130099998378,0.06497574576950782
13786.0,2.7397206651098562,-0.42646055537533256,-0.20355982190732558
13787.0,-0.17308057028423857,-0.2943014898379615,-0.19410016788535533
13790.0,-0.8813301857396519,-0.42646055537533256,-0.18931741300344362
13791.0,0.3456374579366276,-0.2943014898379615,-0.04891420630909363
13792.0,-0.26285869055323463,-0.2943014898379615,-0.20775194986594286
13798.0,-0.9112562258293173,6.974447114717447,4.208710789673688
13799.0,0.2359086442745213,-0.2943014898379615,-0.14841138621413533
13800.0,2.161150556709659,-0.42646055537533256,-0.16411412319312815
13801.0,-0.26285869055323463,-0.42646055537533256,-0.19220438778125754
13802.0,0.4553662715987339,-0.16214242430059048,0.27147022547112026
13803.0,1.6224818350956827,-0.42646055537533256,-0.19794585887063496
13804.0,-0.6219711716292189,0.3664938378488937,0.08008424710673395
13805.0,-0.4025135443050063,-0.2943014898379615,-0.12005407645905813
13806.0,-0.2927847306429,-0.42646055537533256,-0.20043467171034204
13807.0,2.7397206651098562,-0.42646055537533256,-0.21773005644176222
13808.0,-0.8713548390430969,0.10217570677415164,-0.021047682266244823
13809.0,2.1212491699234386,-0.42646055537533256,-0.21262371980350386
13810.0,-0.6419218650223292,-0.2943014898379615,-0.13173309234147285
13811.0,0.9042568729437143,-0.2943014898379615,-0.16875373224230658
13812.0,-0.5022670112705575,-0.16214242430059048,-0.17293383113934965
13813.0,-0.5321930513602229,-0.02998335876321942,-0.09067189065785705
13814.0,-0.003499676442801554,-0.2943014898379615,-0.04336640311106124
13815.0,-0.7017739452016598,-0.02998335876321942,0.20987421277414556
13816.0,-0.6917985985051047,-0.2943014898379615,-0.1711691678064109
13817.0,-0.631946518325774,-0.2943014898379615,-0.19170157300745494
13819.0,2.0813477831372182,-0.16214242430059048,-0.0941013761126685
13821.0,0.5152183517780646,-0.2943014898379615,-0.18488590671949925
13822.0,-0.8713548390430969,-0.2943014898379615,-0.15525111062523944
13823.0,-0.7416753319878803,-0.2943014898379615,-0.11607726870261947
13824.0,-0.6020204782361087,0.10217570677415164,-0.02690824106520707
13826.0,0.8344294460678284,-0.42646055537533256,-0.20847970809118346
13827.0,-0.3526368108222307,-0.16214242430059048,-0.1819796854431666
13828.0,-0.7017739452016598,-0.42646055537533256,-0.20607509868249596
13831.0,-0.7616260253809906,0.2343347723115227,0.0331781244042024
13832.0,-0.7316999852913252,-0.42646055537533256,-0.22499560963259388
13833.0,0.6648485522263914,-0.42646055537533256,-0.18510122692167785
13835.0,-0.6718479051119944,-0.02998335876321942,-0.13088384059433258
13837.0,1.1835665804472575,-0.2943014898379615,-0.1992065045236137
13838.0,-0.8713548390430969,-0.02998335876321942,-0.15010026645915645
13841.0,1.5925557950060174,-0.42646055537533256,-0.22105007743624822
13842.0,-0.3426614641256756,0.6308119689236359,0.17598353469492503
13844.0,-0.8115027588637661,-0.42646055537533256,-0.187775287309628
13845.0,-0.28280938394634486,-0.42646055537533256,-0.19362622285933087
13846.0,-0.6818232518085496,-0.16214242430059048,-0.12721617972035146
13848.0,-0.003499676442801554,-0.16214242430059048,-0.08031005701781993
13849.0,-0.4124888910015614,-0.2943014898379615,-0.04627382729355132
13850.0,0.3655881513297378,-0.42646055537533256,-0.03935350816989989
13851.0,0.0264263636468638,-0.16214242430059048,0.08767097624159745
13853.0,-0.3526368108222307,-0.42646055537533256,-0.10014116792908666
13854.0,-0.8414287989534315,2.7453570175215725,0.7406517431121781
13856.0,0.7546266724953874,-0.16214242430059048,-0.18454187555847643
13858.0,-0.3526368108222307,-0.42646055537533256,-0.20527155736933775
13859.0,2.330731450551096,-0.42646055537533256,-0.20707711951162885
13860.0,-0.9112562258293173,0.10217570677415164,-0.08140470162107437
13862.0,-0.7416753319878803,0.4986529033862648,0.03449049502195034
13863.0,1.5426790615232417,-0.42646055537533256,-0.19449231529267505
13865.0,-0.3426614641256756,-0.02998335876321942,-0.17094181854265805
13866.0,-0.18305591698079368,-0.42646055537533256,-0.21375204577916612
13867.0,-0.6119958249326638,-0.16214242430059048,-0.11037188479796473
13868.0,-0.8514041456499867,-0.2943014898379615,0.1527578226074121
13869.0,0.30573607115040713,-0.02998335876321942,0.13965937745923893
13870.0,-0.9012808791327622,0.4986529033862648,0.10204329901048105
13871.0,-0.7017739452016598,1.15944823107312,0.5389761054772001
13873.0,0.26583468436418667,-0.16214242430059048,-0.18440955588115995
13874.0,2.64994254484086,-0.42646055537533256,-0.1662637164964421
13875.0,-0.39253819760845116,0.10217570677415164,-0.016340710472250736
13876.0,-0.2927847306429,-0.42646055537533256,-0.2165151212227655
13877.0,-0.06335175662213227,-0.42646055537533256,-0.2171719079847182
13878.0,-0.38256285091189607,-0.42646055537533256,-0.07831684151497093
13880.0,-0.711749291898215,1.15944823107312,0.1560333360740735
13881.0,-0.8913055324362071,2.0845616898347172,1.8205848040613435
13882.0,-0.9012808791327622,0.10217570677415164,-0.09519241199745067
13883.0,-0.8214781055603213,0.10217570677415164,0.08363402317728767
13884.0,-0.8514041456499867,0.10217570677415164,-0.13653389081574588
13885.0,0.9641089531230449,-0.2943014898379615,-0.1703114957161687
13886.0,-0.21298195707045905,-0.42646055537533256,-0.20197679740415764
13887.0,1.1137391535713717,-0.42646055537533256,-0.18922719504163693
13888.0,0.26583468436418667,-0.2943014898379615,-0.15962126869515528
13889.0,-0.003499676442801554,-0.42646055537533256,-0.18112562207139665
13890.0,-0.9112562258293173,0.7629710344610069,-0.004670114932937994
13892.0,-0.6618725584154393,-0.02998335876321942,-0.15513442872796945
13893.0,2.041446396350998,-0.42646055537533256,-0.13250415518838063
13894.0,-0.6917985985051047,-0.16214242430059048,-0.16454716940980024
13895.0,-0.6419218650223292,-0.02998335876321942,0.0806472071884077
13897.0,-0.42246423769811653,-0.42646055537533256,-0.19384515177998177
13898.0,2.3207561038545412,-0.42646055537533256,-0.21251786406165066
13899.0,-0.7616260253809906,-0.2943014898379615,-0.1845394697461616
13900.0,0.9042568729437143,-0.16214242430059048,-0.1421454480401217
13901.0,-0.2030066103739039,0.10217570677415164,0.11362247368182972
13904.0,-0.552143744753333,-0.2943014898379615,-0.1912613093538383
13908.0,-0.1331791834980181,-0.02998335876321942,0.04595900232681607
13911.0,-0.3526368108222307,0.6308119689236359,0.07918447330098195
13914.0,-0.8115027588637661,-0.2943014898379615,-0.15742235623938697
13917.0,-0.43243958439467167,-0.2943014898379615,-0.19855092066781846
13918.0,-0.43243958439467167,-0.2943014898379615,-0.08538150937751306
13919.0,-0.33268611742912046,-0.2943014898379615,-0.1905792615625798
13922.0,2.580115117964974,-0.42646055537533256,-0.21055472121273722
13923.0,-0.39253819760845116,-0.42646055537533256,-0.1890371358687642
13924.0,-0.9112562258293173,0.2343347723115227,-0.014258479913752457
13925.0,-0.003499676442801554,-0.02998335876321942,-0.15709757157688292
13926.0,-0.6917985985051047,-0.42646055537533256,-0.2043477254404373
13927.0,-0.18305591698079368,-0.42646055537533256,-0.18929455778645257
13928.0,-0.8214781055603213,-0.02998335876321942,-0.17539136841896374
13929.0,0.7646020191919426,-0.2943014898379615,-0.12991189241913526
13930.0,-0.3526368108222307,-0.2943014898379615,-0.19069594345984978
13931.0,0.0264263636468638,-0.2943014898379615,-0.08241153407483698
13932.0,2.0115203562613324,-0.42646055537533256,-0.19429744449517264
13933.0,0.16608121739863546,-0.2943014898379615,-0.15804305581661698
13934.0,1.7022846086681238,-0.42646055537533256,-0.12035480299841375
13936.0,0.8643554861574938,-0.42646055537533256,-0.18781618611898038
13937.0,0.7646020191919426,-0.42646055537533256,-0.21216661546368332
13938.0,-0.5720944381464433,-0.42646055537533256,-0.22265475425024978
13939.0,-0.6917985985051047,-0.16214242430059048,-0.162883550194085
13940.0,-0.7516506786844355,-0.02998335876321942,-0.1303341124803905
13941.0,-0.711749291898215,0.10217570677415164,0.38376632689113693
13946.0,-0.1331791834980181,-0.16214242430059048,-0.16372317869196584
13947.0,-0.2728340372497898,-0.42646055537533256,-0.22037644998809164
13948.0,2.6698932382339704,-0.42646055537533256,-0.21900513696863003
13949.0,-0.9012808791327622,0.2343347723115227,0.060709037629130366
13950.0,-0.8115027588637661,-0.02998335876321942,-0.1436358487691681
13951.0,0.8344294460678284,-0.16214242430059048,-0.15014477398698106
13952.0,1.2434186606265882,-0.2943014898379615,0.15979855263742154
13953.0,-0.8514041456499867,0.3664938378488937,0.1916285321783616
13954.0,-0.9112562258293173,-0.2943014898379615,-0.18239228225516246
13955.0,0.6149718187436158,-0.2943014898379615,-0.19242572251422324
13956.0,-0.8713548390430969,0.10217570677415164,-0.10866616386673968
13959.0,-0.1331791834980181,-0.16214242430059048,-0.15981734239881512
13960.0,-0.711749291898215,-0.2943014898379615,-0.2035814742181592
13962.0,-0.711749291898215,-0.2943014898379615,-0.2108795058752413
13963.0,2.151175210013104,-0.02998335876321942,-0.15133685398898675
13967.0,0.5251936984746197,-0.42646055537533256,-0.22156732708393986
13969.0,-0.8514041456499867,1.8202435587599752,0.8461586421797024
13971.0,-0.7416753319878803,0.4986529033862648,0.09801596919543064
13972.0,-0.22295730376701417,-0.2943014898379615,-0.20838949012937677
13973.0,1.9416929293854466,-0.42646055537533256,-0.19943385378736653
13974.0,-0.43243958439467167,-0.42646055537533256,-0.18152378400950347
13975.0,-0.6119958249326638,0.2343347723115227,0.06439233628315794
13976.0,1.133689846964482,-0.42646055537533256,-0.1882131451509298
13978.0,-0.7815767187741008,-0.2943014898379615,-0.20760278950242247
13979.0,-0.1930312636773488,-0.42646055537533256,-0.12663758185863128
13980.0,-0.3227107707325653,-0.42646055537533256,-0.20719981593968595
13982.0,-0.5321930513602229,-0.02998335876321942,-0.0064203433919876735
13983.0,-0.631946518325774,1.027289165535749,0.08189341796749734
13984.0,-0.6618725584154393,-0.02998335876321942,-0.17256935057365064
13985.0,-0.8813301857396519,1.423766362147862,0.6144199738584222
13986.0,-0.7516506786844355,-0.42646055537533256,-0.19272644905357886
13988.0,-0.7316999852913252,0.2343347723115227,0.2661822500030911
13989.0,-0.2728340372497898,-0.2943014898379615,-0.07897723699539586
13990.0,1.2035172738403679,-0.42646055537533256,-0.19382831109377785
13991.0,-0.801527412167211,0.2343347723115227,-0.12880161003583432
13992.0,-0.6219711716292189,-0.42646055537533256,-0.22203646048533462
13993.0,-0.5022670112705575,0.6308119689236359,0.18569579900995403
13994.0,-0.8913055324362071,0.2343347723115227,0.04228292110973303
13995.0,-0.7716013720775456,0.10217570677415164,-0.0648539158010987
13999.0,-0.8214781055603213,1.027289165535749,0.23807634763491523
14000.0,1.1835665804472575,-0.42646055537533256,-0.1548108469716228
14001.0,-0.47234097118089213,-0.16214242430059048,0.014488571436329586
14002.0,0.4154648848125134,-0.2943014898379615,-0.16755323189719898
14004.0,-0.49229166457400236,0.3664938378488937,0.31997380755070887
14005.0,-0.8314534522568764,0.10217570677415164,0.11452705911221135
14006.0,0.22593329757796618,-0.16214242430059048,-0.1155323522133071
14009.0,1.053887073392041,-0.2943014898379615,-0.14759942455787514
14012.0,1.8419394624198953,-0.42646055537533256,-0.19172322531828853
14013.0,0.17605656409519058,-0.16214242430059048,-0.17437491271594177
14014.0,-0.15312987689112834,-0.42646055537533256,-0.17050636651367113
14015.0,-0.4025135443050063,-0.42646055537533256,-0.12092738632934685
14016.0,0.6847992456195017,-0.02998335876321942,0.284917513404946
14019.0,-0.462365624484337,-0.16214242430059048,-0.06180214287971792
14020.0,-0.7616260253809906,-0.2943014898379615,-0.15395197197522317
14021.0,0.6249471654401709,-0.16214242430059048,-0.15526313968681368
14022.0,1.3232214341990292,-0.42646055537533256,-0.17834690884775073
14023.0,-0.8514041456499867,-0.2943014898379615,-0.16101663983776532
14024.0,0.2857853777572969,-0.2943014898379615,-0.191855544995605
14027.0,-0.3227107707325653,-0.42646055537533256,-0.2186659174322369
14029.0,-0.2927847306429,-0.2943014898379615,-0.1750196704163202
14030.0,-0.7416753319878803,0.4986529033862648,0.05247153626310133
14031.0,-0.8514041456499867,1.6880844932226042,1.5371007215662211
14032.0,-0.9012808791327622,0.895130099998378,0.12365831975320532
14034.0,-0.7017739452016598,-0.16214242430059048,-0.17003603020611896
14035.0,-0.6419218650223292,0.10217570677415164,-0.05949737468209647
14036.0,1.911766889295781,-0.42646055537533256,-0.15589466541946048
14037.0,0.8344294460678284,-0.2943014898379615,-0.21356800113708047
14038.0,-0.14315453019457322,-0.16214242430059048,-0.043575708782452725
14039.0,-0.5920451315395535,-0.42646055537533256,-0.21296654805836923
14040.0,-0.5222177046636677,1.027289165535749,0.1969983052650955
14041.0,1.732210648757789,-0.42646055537533256,-0.21426448380222807
14044.0,-0.6618725584154393,-0.02998335876321942,-0.15351651994623625
14045.0,0.16608121739863546,-0.02998335876321942,-0.03162243029614571
14046.0,1.911766889295781,-0.42646055537533256,-0.21303992533397204
14047.0,-0.8414287989534315,0.10217570677415164,-0.07386127710787813
14048.0,2.1212491699234386,-0.42646055537533256,-0.1848029061946371
14049.0,-0.7616260253809906,-0.02998335876321942,0.43883657368409484
14050.0,-0.6119958249326638,-0.2943014898379615,-0.14149467580895614
14051.0,-0.9212315725258724,2.4810388864468305,1.6465086453022664
14052.0,-0.7316999852913252,-0.42646055537533256,-0.20416608661066651
14053.0,0.3157114178469622,-0.2943014898379615,-0.19996914702741952
14054.0,-0.2728340372497898,-0.42646055537533256,-0.22015270944281104
14055.0,0.13615517730897012,-0.42646055537533256,-0.14398709736713547
14056.0,-0.9112562258293173,2.4810388864468305,0.7434918045498525
14057.0,-0.6917985985051047,1.6880844932226042,0.5074419205603702
14059.0,1.732210648757789,-0.42646055537533256,-0.2091894227240627
14060.0,-0.8813301857396519,1.9524026242973462,0.5067538582383245
14062.0,-0.8314534522568764,1.027289165535749,1.027548470375908
14064.0,-0.631946518325774,0.10217570677415164,-0.07166837918289697
14066.0,1.732210648757789,-0.42646055537533256,-0.21292444634285948
14067.0,-0.2927847306429,-0.2943014898379615,-0.1862018860557194
14068.0,2.2708793703717656,-0.42646055537533256,-0.19929551957926292
14071.0,-0.8913055324362071,0.3664938378488937,-0.07593869604174672
14073.0,-0.6020204782361087,-0.42646055537533256,-0.2144894272536661
14075.0,-0.8813301857396519,-0.16214242430059048,-0.11792974418505008
14076.0,0.3655881513297378,-0.42646055537533256,-0.21699989240420675
14077.0,-0.5222177046636677,0.10217570677415164,-0.17119924046034646
14078.0,0.08627844382619451,0.2343347723115227,-0.10504541633289807
14079.0,0.3157114178469622,-0.42646055537533256,-0.18615376980942253
14080.0,-0.6020204782361087,-0.42646055537533256,-0.22578952769649271
14081.0,2.091323129833773,-0.2943014898379615,-0.12280632574724074
14082.0,2.7097946250201908,-0.42646055537533256,-0.20935181505531475
14083.0,-0.8813301857396519,0.6308119689236359,-0.11063532124644025
14085.0,-0.9012808791327622,1.8202435587599752,0.3005649167006974
14087.0,-0.9012808791327622,-0.42646055537533256,-0.20824273557817122
14088.0,-0.8214781055603213,1.15944823107312,5.833235555272726
14089.0,-0.36261215751878584,-0.42646055537533256,-0.21217864452525753
14090.0,2.310780757157986,-0.42646055537533256,-0.22209419998089092
14092.0,-0.8514041456499867,1.291607296610491,0.2591392344513826
14093.0,-0.801527412167211,-0.42646055537533256,-0.17908549322840814
14096.0,-0.8813301857396519,1.6880844932226042,6.175214558390988
14098.0,-0.5621190914498881,-0.42646055537533256,-0.21354995754471914
14099.0,-0.7616260253809906,0.895130099998378,0.14177288357783022
14100.0,0.4453909249021788,-0.42646055537533256,-0.20818499608261495
14101.0,-0.1930312636773488,0.2343347723115227,0.4876769694877616
14102.0,-0.8713548390430969,0.10217570677415164,-0.10210912240262983
14104.0,0.6149718187436158,-0.2943014898379615,-0.20526674574470805
14105.0,1.4628762879508008,-0.42646055537533256,-0.0789591934030345
14107.0,-0.4124888910015614,0.3664938378488937,0.09389842141857355
14108.0,-0.6219711716292189,-0.2943014898379615,-0.1593518177158926
14109.0,-0.2030066103739039,-0.42646055537533256,-0.221627472391811
14110.0,-0.8913055324362071,1.027289165535749,0.45073090976868807
14111.0,-0.7815767187741008,-0.02998335876321942,-0.14793142665732373
14112.0,-0.7017739452016598,0.2343347723115227,0.10750569587133645
14113.0,-0.8913055324362071,-0.02998335876321942,-0.012956935451421332
14114.0,1.802038075633675,-0.2943014898379615,-0.18477884807148864
14116.0,-0.7316999852913252,0.10217570677415164,-0.06494413376290538
14117.0,0.5052430050815094,-0.42646055537533256,-0.22044862435753698
14121.0,-0.8913055324362071,-0.02998335876321942,0.10315117558146715
14124.0,-0.0833024500152425,-0.42646055537533256,-0.18080324322120742
14125.0,-0.8214781055603213,-0.16214242430059048,0.09599147813248865
14126.0,-0.8214781055603213,-0.2943014898379615,-0.1538521307641571
14127.0,0.295760724453852,-0.16214242430059048,-0.14590332687590946
14128.0,-0.3227107707325653,-0.2943014898379615,-0.15458951223865708
14129.0,-0.9112562258293173,0.10217570677415164,-0.09608496836625814
14130.0,2.2609040236752103,-0.42646055537533256,-0.17342581975773544
14132.0,-0.9012808791327622,0.895130099998378,0.20009097699582867
14133.0,0.3655881513297378,-0.16214242430059048,-0.15842197125620502
14135.0,-0.9112562258293173,1.423766362147862,0.3329254981476766
14138.0,-0.9112562258293173,-0.2943014898379615,-0.11508847984121821
14139.0,-0.462365624484337,-0.42646055537533256,-0.18125553593639826
14140.0,-0.8913055324362071,-0.2943014898379615,-0.12060139876068537
14141.0,-0.9012808791327622,-0.02998335876321942,-0.12119322859013722
14142.0,2.7995727452891868,-0.42646055537533256,-0.19376696287974932
14143.0,0.4054895381159583,-0.42646055537533256,-0.217345126471387
14145.0,-0.462365624484337,-0.02998335876321942,0.1474241367054009
14146.0,-0.8414287989534315,-0.02998335876321942,0.12353081170051854
14147.0,-0.14315453019457322,-0.2943014898379615,-0.17493065536067096
14148.0,1.40302420777147,-0.42646055537533256,-0.21236509497965803
14149.0,1.2733447007162535,-0.42646055537533256,-0.19914756212189996
14150.0,-0.5720944381464433,-0.2943014898379615,-0.15204656862186597
14152.0,-0.17308057028423857,-0.2943014898379615,-0.1565394231198389
14154.0,1.4628762879508008,-0.2943014898379615,-0.06940932141925758
14155.0,1.732210648757789,-0.42646055537533256,-0.2169902691549474
14156.0,-0.8314534522568764,6.5779699181053335,13.465770153704696
14157.0,-0.7316999852913252,-0.2943014898379615,-0.18016450005161608
14158.0,-0.5222177046636677,-0.42646055537533256,-0.17020804578663035
14159.0,-0.7316999852913252,0.895130099998378,0.3249165489515577
14161.0,1.223467967233478,-0.16214242430059048,-0.09924139412333469
14162.0,0.804503405978163,-0.2943014898379615,-0.19646748720316276
14163.0,-0.05337640992557715,-0.02998335876321942,0.06294524017577868
14164.0,-0.22295730376701417,-0.2943014898379615,-0.03498816172461377
14165.0,1.821988769026785,-0.42646055537533256,-0.216786978014343
14167.0,-0.5321930513602229,-0.02998335876321942,-0.16360048226390878
14171.0,0.05635240373652916,-0.42646055537533256,-0.18751425667346736
14173.0,-0.8214781055603213,-0.02998335876321942,-0.1770429585731048
14174.0,-0.5920451315395535,-0.42646055537533256,-0.2151005035816367
14175.0,-0.33268611742912046,-0.16214242430059048,0.15156213388693418
14176.0,2.041446396350998,-0.02998335876321942,-0.1618791235526372
14177.0,-0.06335175662213227,-0.02998335876321942,-0.16517989804860445
14178.0,-0.8414287989534315,0.3664938378488937,-0.04118433134149688
14179.0,-0.5222177046636677,-0.2943014898379615,-0.14688249248805135
14180.0,-0.8214781055603213,2.7453570175215725,0.3277301464537689
14184.0,-0.26285869055323463,-0.42646055537533256,-0.17679636281083316
14185.0,2.3806081840338718,-0.42646055537533256,-0.20749933957288413
14188.0,-0.6219711716292189,0.2343347723115227,0.01584544958190215
14189.0,-0.9012808791327622,1.423766362147862,0.3254157550068881
14191.0,-0.9112562258293173,1.15944823107312,0.3303452644400053
14193.0,-0.2528833438566795,-0.2943014898379615,-0.1286199712060635
14194.0,-0.8813301857396519,2.2167207553720885,1.1263154862433942
14195.0,1.0838131134817064,-0.2943014898379615,-0.10954067664318581
14196.0,0.13615517730897012,-0.42646055537533256,-0.19091487238050064
14198.0,-0.7416753319878803,-0.02998335876321942,-0.14690294189272754
14199.0,1.2533940073231433,-0.42646055537533256,-0.20897289961572665
14201.0,-0.3227107707325653,0.3664938378488937,-0.14493739323149923
14204.0,-0.9012808791327622,-0.42646055537533256,-0.21315781013739943
14205.0,-0.7616260253809906,-0.2943014898379615,-0.17513514940743274
14206.0,1.4628762879508008,-0.42646055537533256,-0.19180021131236358
14208.0,0.01645101695030868,-0.42646055537533256,-0.21302188174161069
14209.0,-0.8214781055603213,0.2343347723115227,0.018139391624106754
14210.0,0.12617983061241497,0.2343347723115227,-0.002020112668136309
14211.0,-0.39253819760845116,0.6308119689236359,0.03830851916560921
14212.0,-0.03342571653246691,-0.42646055537533256,-0.10250608143457923
14214.0,-0.6219711716292189,0.10217570677415164,-0.11045729113514173
14215.0,-0.8115027588637661,0.2343347723115227,-0.015988258968125946
14216.0,-0.8913055324362071,-0.02998335876321942,-0.010024250239625379
14217.0,-0.9112562258293173,1.6880844932226042,0.005099888877647261
14218.0,-0.5022670112705575,-0.42646055537533256,-0.21088792621834324
14219.0,-0.8813301857396519,-0.42646055537533256,-0.2204558417944815
14220.0,1.5426790615232417,-0.2943014898379615,-0.15520299437894253
14221.0,-0.5022670112705575,0.6308119689236359,0.18165884594564427
14222.0,0.8444047927643835,-0.42646055537533256,-0.14909583981770871
14223.0,-0.003499676442801554,-0.16214242430059048,-0.11396376258402821
14224.0,0.17605656409519058,-0.02998335876321942,-0.1098137363409207
14226.0,-0.6419218650223292,0.10217570677415164,0.03514367306543072
14227.0,-0.6618725584154393,0.7629710344610069,0.16982946679355174
14229.0,-0.4124888910015614,-0.16214242430059048,-0.04696549833406923
14231.0,0.9042568729437143,-0.16214242430059048,-0.13167896156438882
14232.0,-0.5022670112705575,0.10217570677415164,0.015088821608883423
14233.0,-0.43243958439467167,-0.02998335876321942,-0.05532329031584051
14234.0,-0.7017739452016598,-0.02998335876321942,-0.1405612206307963
14235.0,-0.17308057028423857,0.10217570677415164,0.14088754464596726
14236.0,-0.12320383680146298,-0.2943014898379615,-0.1722289281311001
14237.0,2.7995727452891868,-0.42646055537533256,-0.21190799063983748
14238.0,2.330731450551096,-0.42646055537533256,-0.21361010285259027
14239.0,-0.49229166457400236,0.895130099998378,0.055119132715588146
14240.0,-0.6219711716292189,-0.2943014898379615,-0.12417523295438751
14241.0,0.9042568729437143,-0.42646055537533256,-0.2055686751902211
14242.0,1.4129995544680252,-0.2943014898379615,-0.19752724752785192
14243.0,-0.8414287989534315,0.7629710344610069,0.07694225622354649
14245.0,1.2633693540196984,-0.2943014898379615,-0.027568636545632002
14246.0,0.17605656409519058,-0.16214242430059048,-0.05395919473332345
14247.0,1.8519148091164506,-0.42646055537533256,-0.21482263225927212
14248.0,2.2509286769786554,-0.42646055537533256,-0.19487724526305025
14250.0,-0.8514041456499867,-0.16214242430059048,-0.0022354328703149255
14251.0,-0.9112562258293173,0.10217570677415164,0.1151261063786078
14256.0,1.6723585685784583,-0.2943014898379615,-0.11879583661839425
14257.0,-0.28280938394634486,0.10217570677415164,0.14159244765421686
14258.0,-0.8314534522568764,0.6308119689236359,1.2928049158676076
14259.0,0.48529231168839926,-0.42646055537533256,-0.21683990588526958
14261.0,-0.42246423769811653,-0.2943014898379615,-0.09132266288902259
14262.0,-0.8414287989534315,0.4986529033862648,0.0836737190804826
14264.0,0.6149718187436158,-0.2943014898379615,-0.1911013228349011
14265.0,0.16608121739863546,-0.2943014898379615,-0.16749910112011496
14267.0,0.6947745923160568,-0.16214242430059048,-0.07342462217273375
14270.0,2.3806081840338718,-0.42646055537533256,-0.17201360792892148
14271.0,1.3232214341990292,-0.42646055537533256,-0.21776373781417005
14272.0,-0.1930312636773488,-0.2943014898379615,-0.17859230170386492
14273.0,-0.4124888910015614,-0.02998335876321942,-0.16391564367715344
14276.0,0.05635240373652916,-0.16214242430059048,-0.10388822060945765
14277.0,-0.7716013720775456,-0.16214242430059048,0.2369925291870776
14280.0,1.0339363799989307,-0.42646055537533256,-0.21515102564024846
14282.0,-0.8913055324362071,1.423766362147862,0.2139737169586413
14284.0,-0.6219711716292189,-0.2943014898379615,-0.159671790753767
14285.0,-0.711749291898215,-0.02998335876321942,-0.001518500800491133
14286.0,-0.6917985985051047,-0.16214242430059048,0.32368717885867204
14287.0,-0.8414287989534315,-0.16214242430059048,-0.21248177687692799
14288.0,1.2035172738403679,-0.42646055537533256,-0.17995880309869683
14289.0,-0.8414287989534315,0.2343347723115227,-0.12165875327305971
14290.0,-0.8115027588637661,0.10217570677415164,0.047155893953451454
14291.0,-0.9112562258293173,0.895130099998378,0.23584375380673914
14292.0,-0.8514041456499867,0.6308119689236359,0.35477267977878335
14293.0,-0.8913055324362071,-0.02998335876321942,-0.10538343296313378
14295.0,-0.5222177046636677,-0.42646055537533256,-0.2112824794379778
14297.0,-0.7516506786844355,-0.02998335876321942,-0.07604214597128503
14298.0,-0.8414287989534315,5.256379262731623,5.966975864761113
14299.0,-0.8414287989534315,0.6308119689236359,0.2377708094709299
14300.0,-0.7416753319878803,-0.42646055537533256,-0.2260782251742741
14301.0,0.2458839909710764,-0.42646055537533256,-0.15427194501309754
14304.0,1.293295394109364,-0.42646055537533256,-0.18514934316797477
14305.0,-0.21298195707045905,-0.16214242430059048,-0.009788480632770572
14306.0,-0.4124888910015614,-0.2943014898379615,0.020531971971220073
14307.0,-0.04340106322902203,0.2343347723115227,0.12908222361702323
14309.0,-0.8414287989534315,0.6308119689236359,0.05171250247776776
14311.0,1.4928023280404663,-0.42646055537533256,-0.2015196930643371
14312.0,-0.462365624484337,0.2343347723115227,-0.03741562635029231
14314.0,0.13615517730897012,-0.42646055537533256,-0.21683990588526958
14315.0,-0.4823163178774472,0.2343347723115227,0.06718187566222064
14317.0,-0.28280938394634486,-0.42646055537533256,-0.1700973784201475
14320.0,1.133689846964482,-0.2943014898379615,-0.18526241634677248
14321.0,-0.8214781055603213,0.10217570677415164,-0.0471399197268955
14323.0,0.21595795088141106,-0.2943014898379615,-0.16062088371197333
14326.0,1.4928023280404663,-0.42646055537533256,-0.21120429053774536
14327.0,0.7047499390126118,-0.42646055537533256,-0.19378620937826804
14329.0,-0.7516506786844355,0.3664938378488937,0.3638437951119061
14331.0,0.3157114178469622,-0.2943014898379615,-0.17562112349503142
14332.0,-0.7017739452016598,-0.16214242430059048,-0.1302054015215463
14333.0,-0.2528833438566795,-0.42646055537533256,-0.18283374881493653
14334.0,-0.7616260253809906,0.4986529033862648,0.07419842727846586
14335.0,-0.7616260253809906,-0.2943014898379615,-0.17655939029782097
14336.0,-0.7616260253809906,-0.02998335876321942,-0.03701626150602803
14338.0,0.6847992456195017,-0.2943014898379615,-0.16051743378243497
14339.0,1.4928023280404663,-0.42646055537533256,-0.19524052292259184
14340.0,1.2533940073231433,-0.42646055537533256,-0.21507163383385855
14341.0,-0.47234097118089213,0.4986529033862648,0.027479957936492196
14342.0,-0.711749291898215,-0.02998335876321942,-0.15085328571370288
14344.0,0.3456374579366276,0.4986529033862648,-0.12422455210684182
14345.0,-0.542168398056778,-0.42646055537533256,-0.21816550847074914
14346.0,0.27581003106074176,-0.2943014898379615,-0.10838829254437508
14348.0,1.6723585685784583,-0.42646055537533256,-0.18200735228478732
14349.0,-0.8214781055603213,-0.42646055537533256,-0.21521598257274926
14350.0,1.81201342233023,-0.42646055537533256,-0.19939175207185675
14351.0,0.7147252857091669,-0.42646055537533256,-0.2251399583714846
14352.0,0.6448978588332811,-0.02998335876321942,-0.10148601701308499
14353.0,1.223467967233478,-0.42646055537533256,-0.22037644998809164
14354.0,-0.8713548390430969,-0.2943014898379615,-0.21159282922659278
14355.0,2.7197699717167456,-0.42646055537533256,-0.21029609638889138
14356.0,-0.1331791834980181,-0.2943014898379615,-0.14900923057437426
14357.0,-0.49229166457400236,-0.42646055537533256,-0.20419495635844462
14359.0,-0.7316999852913252,-0.16214242430059048,-0.12335244514271053
14360.0,-0.6119958249326638,-0.02998335876321942,0.023504353086210985
14362.0,-0.7017739452016598,-0.42646055537533256,-0.21305075148938882
14364.0,0.15610587070208035,0.4986529033862648,0.21588754065510044
14367.0,-0.8414287989534315,1.423766362147862,0.8690740044786003
14368.0,2.2609040236752103,-0.42646055537533256,-0.21262973433429097
14371.0,2.0214957029578873,-0.42646055537533256,-0.21918557289224339
14373.0,2.64994254484086,-0.42646055537533256,-0.2220665331392702
14375.0,0.9242075663368244,-0.42646055537533256,-0.2029391223300956
14377.0,0.9840596465161552,-0.2943014898379615,-0.15704945533058604
14379.0,-0.4823163178774472,-0.2943014898379615,-0.18940161643446315
14381.0,-0.4025135443050063,-0.42646055537533256,-0.20689427777570066
14382.0,-0.6618725584154393,-0.42646055537533256,-0.15723710869114393
14383.0,-0.542168398056778,-0.16214242430059048,-0.08118938141889576
14385.0,-0.8314534522568764,-0.16214242430059048,-0.20696284342667373
14386.0,2.0314710496544426,-0.42646055537533256,-0.21414539609264324
14387.0,-0.6020204782361087,-0.16214242430059048,-0.023460712018034305
14388.0,-0.8214781055603213,0.4986529033862648,0.15196991907430038
14389.0,-0.2728340372497898,-0.2943014898379615,-0.10575633387193473
14390.0,-0.8214781055603213,0.6308119689236359,0.32258772263078783
14393.0,1.2533940073231433,-0.42646055537533256,-0.2231010324346535
14395.0,-0.9012808791327622,0.6308119689236359,0.1842162244363244
14396.0,-0.2728340372497898,-0.2943014898379615,-0.17257416219828034
14397.0,-0.9012808791327622,1.9524026242973462,0.08303978753552096
14400.0,0.5650950852608402,-0.42646055537533256,-0.16394812214340385
14401.0,-0.8813301857396519,1.15944823107312,0.2560802440930572
14403.0,0.37556349802629296,-0.02998335876321942,-0.05970307163501572
14404.0,-0.5920451315395535,0.2343347723115227,-0.06169869295017957
14406.0,0.26583468436418667,-0.42646055537533256,-0.21241922575674202
14407.0,0.14613052400552523,0.10217570677415164,0.022902900007499755
14408.0,-0.8214781055603213,0.3664938378488937,0.0813641392582315
14409.0,-0.21298195707045905,0.10217570677415164,-0.0017302122841974855
14410.0,-0.003499676442801554,0.6308119689236359,-0.11191882211641002
14411.0,2.1711259034062143,-0.42646055537533256,-0.10340585524033125
14412.0,-0.5022670112705575,-0.2943014898379615,-0.13864739693433717
14413.0,2.6898439316270806,-0.42646055537533256,-0.21671360073874024
14414.0,-0.013475023139356673,0.3664938378488937,-0.051202133820511156
14415.0,-0.9112562258293173,1.15944823107312,0.4705632235861123
14416.0,-0.7017739452016598,-0.2943014898379615,-0.17230591412517512
14418.0,-0.8913055324362071,-0.16214242430059048,0.0017582155723276597
14419.0,-0.8214781055603213,0.2343347723115227,-0.10475431304280183
14420.0,0.06632775043308428,-0.42646055537533256,-0.18465976036190385
14421.0,-0.3526368108222307,-0.2943014898379615,-0.1334652772081612
14422.0,-0.9212315725258724,0.2343347723115227,0.2816011011289323
14423.0,1.2533940073231433,-0.42646055537533256,-0.1993737084794954
14424.0,-0.7516506786844355,-0.42646055537533256,-0.19253157825607645
14426.0,-0.6917985985051047,0.7629710344610069,0.25599002613125055
14427.0,-0.42246423769811653,-0.2943014898379615,-0.18756838745055135
14428.0,-0.8514041456499867,0.10217570677415164,-0.08403184866888505
14431.0,2.091323129833773,-0.42646055537533256,-0.17469488575381614
14432.0,-0.8314534522568764,0.2343347723115227,0.03919866972210185
14434.0,-0.711749291898215,0.2343347723115227,-0.06613982248338332
14436.0,0.05635240373652916,-0.42646055537533256,-0.2205616975363347
14437.0,2.7197699717167456,-0.42646055537533256,-0.22369647098257764
14438.0,2.131224516619994,-0.42646055537533256,-0.21540844755793684
14439.0,2.2609040236752103,-0.42646055537533256,0.0888474184635566
14440.0,-0.8414287989534315,0.10217570677415164,0.052331999148840284
14441.0,-0.9212315725258724,-0.02998335876321942,-0.02723302572771114
14442.0,1.1137391535713717,-0.2943014898379615,-0.04003435305500101
14443.0,-0.39253819760845116,-0.02998335876321942,-0.06043804729720083
14446.0,-0.9212315725258724,-0.02998335876321942,-0.1103165511147233
14447.0,-0.7416753319878803,0.10217570677415164,-0.09134912682448589
14448.0,-0.8314534522568764,-0.2943014898379615,-0.18612369715548696
14449.0,-0.7416753319878803,-0.02998335876321942,-0.1247213523498573
14450.0,0.8743308328540489,-0.16214242430059048,-0.17314433971689858
14451.0,-0.3227107707325653,-0.2943014898379615,-0.15381965229790673
14452.0,-0.8214781055603213,-0.2943014898379615,-0.20011349576631024
14453.0,0.9740842998196001,-0.42646055537533256,-0.21684832622837152
14456.0,-0.8713548390430969,0.6308119689236359,0.12999643229666427
14457.0,2.1711259034062143,-0.42646055537533256,-0.21760495420139025
14459.0,0.6249471654401709,-0.42646055537533256,-0.010190251289349665
14460.0,0.17605656409519058,-0.16214242430059048,-0.17902775373285187
14461.0,0.5551197385642851,-0.16214242430059048,0.021656689228410065
14462.0,-0.26285869055323463,0.895130099998378,0.006367751967570534
14463.0,0.05635240373652916,-0.16214242430059048,-0.1675664638649306
14465.0,1.5327037148266867,-0.16214242430059048,-0.10636019276296081
14466.0,-0.631946518325774,0.3664938378488937,0.042073615438341545
14467.0,-0.7516506786844355,-0.02998335876321942,-0.1595502972318673
14470.0,-0.8115027588637661,-0.2943014898379615,-0.17579795070017254
14472.0,0.10622913721930474,0.4986529033862648,-0.008415964707151532
14473.0,-0.18305591698079368,-0.2943014898379615,-0.20308587688130114
14474.0,-0.462365624484337,-0.42646055537533256,-0.16539642115694048
14475.0,-0.21298195707045905,-0.16214242430059048,-0.11990371318938033
14476.0,1.642432528488793,-0.42646055537533256,-0.2080586909360856
14477.0,-0.7316999852913252,-0.02998335876321942,-0.0737421893982933
14479.0,1.6025311417025725,-0.2943014898379615,-0.19323287254585372
14480.0,-0.8115027588637661,-0.42646055537533256,-0.1977076834514653
14481.0,0.7147252857091669,-0.2943014898379615,-0.1547085999482419
14482.0,-0.7416753319878803,0.2343347723115227,0.012050280655234254
14483.0,1.8818408492061158,-0.42646055537533256,-0.21478293635607718
14484.0,-0.42246423769811653,-0.42646055537533256,-0.19255082475459517
14485.0,-0.542168398056778,-0.42646055537533256,-0.21169146753150145
14487.0,-0.6618725584154393,0.2343347723115227,-0.09107847293906583
14488.0,-0.2528833438566795,-0.42646055537533256,-0.10325188325218117
14489.0,1.1436651936610371,-0.42646055537533256,-0.17553451425169703
14491.0,0.8244540993712732,-0.2943014898379615,-0.1902641001493351
14493.0,-0.8514041456499867,0.10217570677415164,0.0536022680510784
14494.0,-0.6718479051119944,-0.42646055537533256,-0.21448702144135126
14495.0,-0.42246423769811653,-0.2943014898379615,-0.21638280154544906
14496.0,2.1811012501027696,-0.2943014898379615,-0.16646099310625936
14497.0,2.161150556709659,-0.42646055537533256,-0.17409222976894748
14498.0,-0.5022670112705575,0.10217570677415164,0.004172448230274537
14499.0,-0.6618725584154393,-0.16214242430059048,-0.13402703438367747
14500.0,-0.04340106322902203,-0.16214242430059048,-0.1883490735467185
14501.0,0.9042568729437143,-0.2943014898379615,-0.2046652926659968
14502.0,-0.7316999852913252,0.7629710344610069,0.047010342308403334
14503.0,-0.8913055324362071,0.2343347723115227,0.1949461473605328
14504.0,-0.4523902777877819,-0.02998335876321942,-0.15028791981971434
14505.0,-0.7516506786844355,0.4986529033862648,0.47355966282425166
14506.0,-0.7516506786844355,0.10217570677415164,0.004573015980696236
14507.0,-0.6917985985051047,0.2343347723115227,-0.06853601154896885
14508.0,-0.7017739452016598,-0.2943014898379615,-0.19903088022463
14511.0,-0.8115027588637661,0.10217570677415164,-0.07881725047645866
14512.0,0.9441582597299347,-0.2943014898379615,-0.19816117907281358
14513.0,0.0763030971296394,-0.16214242430059048,-0.17852854767752152
14514.0,-0.31273542403601023,-0.16214242430059048,-0.11216301206636678
14515.0,-0.7516506786844355,0.2343347723115227,0.01855559715457493
14517.0,-0.5920451315395535,-0.2943014898379615,-0.19152474580231382
14518.0,-0.28280938394634486,-0.42646055537533256,-0.21029970510736362
14520.0,-0.9112562258293173,-0.2943014898379615,-0.19872413915448725
14522.0,-0.6818232518085496,-0.02998335876321942,-0.11404676310889036
14523.0,0.15610587070208035,-0.42646055537533256,-0.20227391522504098
14524.0,-0.6119958249326638,0.6308119689236359,-0.009479333750313006
14525.0,-0.7316999852913252,0.6308119689236359,0.27331067189197666
14527.0,-0.9012808791327622,6.710128983642704,0.7907359438826198
14528.0,-0.552143744753333,-0.42646055537533256,-0.18746253170869817
14529.0,-0.3227107707325653,-0.16214242430059048,-0.16167342659971798
14530.0,-0.6718479051119944,0.2343347723115227,0.11301019444770166
14532.0,1.4329502478611356,-0.02998335876321942,-0.1190616788791846
14533.0,-0.6818232518085496,0.3664938378488937,-0.013233603867628521
14534.0,-0.9012808791327622,1.8202435587599752,0.2668306164219419
14535.0,-0.3227107707325653,-0.16214242430059048,0.11213568167125554
14536.0,1.6623832218819032,-0.42646055537533256,-0.21071109901320212
14537.0,-0.3526368108222307,-0.42646055537533256,-0.18850424844102603
14538.0,-0.28280938394634486,-0.2943014898379615,-0.184571948212412
14539.0,-0.7716013720775456,-0.2943014898379615,-0.16662097962519656
14540.0,-0.8314534522568764,-0.16214242430059048,-0.11667872178133071
14541.0,-0.3426614641256756,0.4986529033862648,-0.05645041338534538
14542.0,0.9242075663368244,-0.42646055537533256,-0.2188547736989522
14543.0,-0.6419218650223292,1.555925427685233,0.19516507628118365
14544.0,-0.6818232518085496,-0.2943014898379615,0.009823701357845275
14546.0,-0.8713548390430969,0.10217570677415164,0.07541576830977738
14547.0,-0.8913055324362071,0.4986529033862648,0.2468503451471547
14548.0,0.5750704319573953,-0.2943014898379615,-0.1527490658178007
14549.0,2.1811012501027696,-0.42646055537533256,-0.1964819220770518
14550.0,-0.8214781055603213,-0.2943014898379615,-0.14017027612963398
14551.0,-0.7416753319878803,-0.2943014898379615,-0.2088730584046606
14552.0,0.5850457786539505,-0.42646055537533256,-0.21152065485714744
14553.0,-0.7316999852913252,0.10217570677415164,-0.1279126623854991
14554.0,-0.8214781055603213,-0.02998335876321942,0.042926475903954035
14555.0,-0.3526368108222307,-0.2943014898379615,-0.19367915073025746
14560.0,-0.8514041456499867,2.2167207553720885,0.03145556278677346
14561.0,-0.17308057028423857,-0.16214242430059048,-0.10126949390474894
14562.0,-0.8913055324362071,1.8202435587599752,0.3450399660590782
14565.0,0.0264263636468638,-0.02998335876321942,0.12169036527966215
14566.0,0.17605656409519058,-0.42646055537533256,-0.05901861803144232
14567.0,-0.36261215751878584,-0.2943014898379615,-0.047186833067034986
14569.0,-0.9112562258293173,-0.42646055537533256,-0.20392189666070973
14570.0,1.8718655025095607,-0.2943014898379615,-0.20514645512896582
14572.0,-0.8913055324362071,0.3664938378488937,0.10455135834870688
14573.0,0.8643554861574938,0.4986529033862648,-0.03904797000591458
14576.0,2.7895973985926314,-0.42646055537533256,-0.2270164919770636
14577.0,-0.801527412167211,-0.02998335876321942,-0.1278597345145725
14578.0,-0.8913055324362071,-0.42646055537533256,-0.21099017324172414
14581.0,-0.7616260253809906,-0.42646055537533256,-0.21460250043246382
14582.0,-0.5222177046636677,-0.42646055537533256,-0.21754841761199142
14583.0,-0.8713548390430969,0.10217570677415164,-0.11255275366137166
14584.0,0.7646020191919426,-0.02998335876321942,-0.11468189756000942
14585.0,-0.42246423769811653,-0.42646055537533256,-0.21238313857201935
14586.0,1.8319641157233402,-0.42646055537533256,-0.21513659076635935
14587.0,-0.7416753319878803,0.6308119689236359,-0.041180722623024614
14589.0,2.7796220518960766,-0.42646055537533256,-0.22649322779858486
14591.0,-0.7716013720775456,-0.02998335876321942,-0.07246590596526804
14592.0,-0.5720944381464433,-0.16214242430059048,-0.1641598336271102
14593.0,-0.711749291898215,-0.16214242430059048,-0.15703742626901182
14594.0,-0.8514041456499867,-0.2943014898379615,-0.18756959035670878
14595.0,-0.7316999852913252,0.2343347723115227,-0.021896934013385102
14597.0,-0.8115027588637661,-0.2943014898379615,-0.12707423679377564
14598.0,-0.4823163178774472,-0.42646055537533256,-0.2045738717980327
14600.0,2.1212491699234386,-0.42646055537533256,-0.18396087188444138
14601.0,-0.8214781055603213,-0.42646055537533256,-0.2055373996301281
14603.0,1.81201342233023,-0.42646055537533256,-0.15188297338445653
14606.0,-0.9112562258293173,11.20353721191332,1.1808853240748642
14607.0,-0.7716013720775456,0.6308119689236359,1.068669817367395
14608.0,-0.8813301857396519,-0.02998335876321942,-0.016537987082068006
14609.0,-0.2030066103739039,-0.02998335876321942,-0.15891275696843343
14616.0,1.4928023280404663,-0.16214242430059048,-0.18242716653372776
14618.0,-0.8314534522568764,-0.16214242430059048,-0.1647011413979503
14619.0,1.5227283681301316,-0.42646055537533256,-0.18382734930096747
14620.0,1.1237145002679267,-0.2943014898379615,-0.18162121940825468
14621.0,-0.9112562258293173,0.10217570677415164,-0.016151854205535415
14622.0,0.9142322196402694,-0.42646055537533256,-0.19271201417968978
14623.0,-0.6020204782361087,0.10217570677415164,-0.1275698341306337
14624.0,-0.3526368108222307,-0.2943014898379615,-0.20410714420895282
14625.0,1.0339363799989307,-0.2943014898379615,-0.12305773313414203
14626.0,-0.6917985985051047,-0.02998335876321942,0.10268444799238723
14628.0,-0.013475023139356673,-0.2943014898379615,-0.15044429762017927
14629.0,-0.8813301857396519,-0.2943014898379615,-0.11636596618040086
14631.0,-0.42246423769811653,-0.16214242430059048,-0.11014453553421188
14632.0,1.6923092619715685,-0.42646055537533256,-0.2174942868349074
14633.0,1.732210648757789,-0.42646055537533256,-0.18978654640483836
14636.0,-0.5621190914498881,-0.2943014898379615,-0.1579155477639302
14638.0,-0.42246423769811653,-0.42646055537533256,-0.17791386263107864
14639.0,-0.4025135443050063,0.2343347723115227,0.12437525182302911
14640.0,-0.6818232518085496,0.2343347723115227,0.013053504390524606
14641.0,-0.711749291898215,-0.42646055537533256,-0.21798747835945062
14642.0,-0.3426614641256756,-0.42646055537533256,-0.2197124457891944
14643.0,0.7745773658884977,-0.2943014898379615,-0.14781594766621117
14644.0,-0.2528833438566795,-0.2943014898379615,-0.13134214784031054
14645.0,0.634922512136726,-0.2943014898379615,-0.15945045602080127
14646.0,-0.9112562258293173,8.956833097778011,33.29877443926322
14647.0,1.0838131134817064,-0.42646055537533256,-0.20288138283453933
14649.0,-0.8813301857396519,-0.02998335876321942,-0.06255636504042181
14651.0,-0.2528833438566795,-0.2943014898379615,-0.15263478973284558
14652.0,-0.15312987689112834,-0.42646055537533256,-0.21753999726888945
14653.0,-0.9112562258293173,0.3664938378488937,-0.000713756581175498
14655.0,-0.8414287989534315,-0.02998335876321942,0.001154356681301585
14656.0,0.7646020191919426,-0.2943014898379615,-0.19626419606255835
14657.0,-0.7516506786844355,-0.02998335876321942,-0.13043876531608628
14658.0,-0.8713548390430969,-0.2943014898379615,-0.20154495409364295
14659.0,-0.8414287989534315,0.6308119689236359,0.07065827445717157
14660.0,-0.06335175662213227,-0.2943014898379615,-0.19690293923214966
14661.0,-0.6618725584154393,-0.42646055537533256,-0.21828940780496364
14662.0,-0.6419218650223292,-0.02998335876321942,-0.14209492598150994
14664.0,-0.7316999852913252,-0.2943014898379615,-0.1547410784144923
14665.0,-0.03342571653246691,-0.02998335876321942,-0.07980122771323023
14666.0,-0.6818232518085496,-0.42646055537533256,-0.2096284834715219
14667.0,-0.8214781055603213,2.7453570175215725,0.8711694670048302
14669.0,1.482826981343911,-0.16214242430059048,-0.07980002480707281
14670.0,1.8718655025095607,-0.2943014898379615,-0.18401740847384024
14672.0,1.4129995544680252,-0.2943014898379615,-0.13918629889286244
14673.0,-0.8913055324362071,0.10217570677415164,-0.022402154599502514
14675.0,-0.7616260253809906,-0.42646055537533256,-0.1595382681702931
14676.0,-0.6119958249326638,0.2343347723115227,0.07525457888468275
14680.0,-0.6718479051119944,1.555925427685233,3.1695105370271626
14681.0,-0.21298195707045905,-0.16214242430059048,-0.17125577704974532
14682.0,0.9441582597299347,-0.2943014898379615,-0.22501966775574234
14684.0,-0.6718479051119944,0.10217570677415164,-0.0867444020538727
14687.0,0.13615517730897012,-0.42646055537533256,-0.15568656265422637
14688.0,-0.8514041456499867,2.2167207553720885,0.43217006775965955
14689.0,1.1536405403575922,-0.42646055537533256,-0.21770599831861376
14690.0,-0.4823163178774472,-0.2943014898379615,-0.18856559665505457
14691.0,-0.6219711716292189,0.10217570677415164,0.02305927780796464
14692.0,0.4453909249021788,-0.02998335876321942,-0.1601168660320133
14693.0,1.712259955364679,-0.42646055537533256,-0.21047653231250474
14696.0,-0.8813301857396519,0.3664938378488937,0.01880339582300395
14697.0,1.2533940073231433,-0.2943014898379615,-0.20858676673919407
14698.0,-0.9112562258293173,0.10217570677415164,-0.0848486219497749
14699.0,1.213492620536923,-0.42646055537533256,-0.21814746487838782
14700.0,-0.6020204782361087,-0.16214242430059048,0.03277515084146588
14701.0,-0.8214781055603213,0.6308119689236359,0.07077375344828407
14702.0,-0.9112562258293173,1.6880844932226042,0.15988504159014022
14703.0,-0.7815767187741008,-0.42646055537533256,-0.1930019145636286
14704.0,-0.7316999852913252,0.3664938378488937,-0.055455609993157004
14705.0,1.053887073392041,-0.42646055537533256,-0.20974275955647706
14708.0,-0.9012808791327622,-0.16214242430059048,-0.0993556702082898
14709.0,-0.7716013720775456,1.15944823107312,0.36068015191788505
14710.0,-0.7815767187741008,-0.02998335876321942,-0.1591629614491773
14711.0,-0.8214781055603213,0.895130099998378,0.10662396565794578
14712.0,-0.631946518325774,-0.16214242430059048,-0.12095986479559726
14713.0,-0.8314534522568764,0.895130099998378,0.08896289745466915
14714.0,-0.6818232518085496,-0.42646055537533256,-0.21200542603858868
14715.0,-0.6818232518085496,-0.02998335876321942,-0.1269371054918295
14716.0,-0.49229166457400236,-0.2943014898379615,-0.19428421252744096
14719.0,-0.9112562258293173,0.10217570677415164,-0.04099427216862414
14720.0,-0.8713548390430969,-0.16214242430059048,-0.15142466613847858
14722.0,0.54514439186773,-0.42646055537533256,-0.20957194688212305
14723.0,-0.8214781055603213,0.2343347723115227,-0.0964698983366333
14725.0,-0.6818232518085496,-0.42646055537533256,-0.15241465790603725
14727.0,1.81201342233023,-0.42646055537533256,-0.19896712619828663
14729.0,2.7995727452891868,-0.42646055537533256,-0.19356487464530234
14730.0,-0.9112562258293173,0.4986529033862648,-0.0030149160603246843
14731.0,-0.4523902777877819,-0.16214242430059048,-0.18556193997997067
14732.0,-0.8414287989534315,0.4986529033862648,0.09261852926707606
14733.0,-0.7616260253809906,1.027289165535749,0.9218202365754179
14735.0,-0.8913055324362071,3.4061523452084277,0.4682380059838147
14737.0,-0.8913055324362071,-0.16214242430059048,-0.09119034321170613
14738.0,-0.5022670112705575,0.3664938378488937,-0.07610710290378585
14739.0,-0.8813301857396519,0.3664938378488937,0.23813288422431408
14740.0,1.0439117266954858,-0.16214242430059048,-0.05706870715026051
14741.0,-0.8115027588637661,0.2343347723115227,-0.06282701892584186
14744.0,-0.7616260253809906,0.3664938378488937,-0.10033483582043169
14745.0,0.1960072574883008,0.10217570677415164,-0.08448895300870558
14747.0,1.5626297549163521,-0.42646055537533256,-0.19587325156139604
14748.0,-0.631946518325774,0.10217570677415164,-0.06097334053725383
14752.0,-0.49229166457400236,-0.42646055537533256,-0.18440474425653025
14753.0,-0.05337640992557715,-0.42646055537533256,-0.1635331195190931
14754.0,-0.4823163178774472,-0.2943014898379615,-0.15452335239999884
14755.0,-0.8314534522568764,0.895130099998378,0.36660927636782037
14756.0,-0.7716013720775456,-0.42646055537533256,-0.14238482636544875
14757.0,-0.17308057028423857,-0.42646055537533256,-0.18069257585472454
14758.0,0.5152183517780646,-0.02998335876321942,-0.052756288575900985
14759.0,-0.8813301857396519,-0.16214242430059048,-0.03568584729591879
14760.0,2.041446396350998,-0.42646055537533256,-0.2248031446474063
14761.0,-0.3426614641256756,-0.2943014898379615,-0.20049241120589828
14762.0,1.7022846086681238,-0.42646055537533256,-0.19512504393147928
14764.0,-0.462365624484337,-0.42646055537533256,-0.197797901413272
14765.0,-0.631946518325774,-0.16214242430059048,-0.20070773140807693
14766.0,-0.8414287989534315,0.2343347723115227,0.06624842048406078
14768.0,-0.7516506786844355,-0.2943014898379615,-0.21449423887829577
14769.0,-0.9012808791327622,0.4986529033862648,1.0203286276190584
14770.0,1.393048861074915,-0.2943014898379615,-0.12584967832551958
14772.0,0.1960072574883008,-0.42646055537533256,-0.21452310862607393
14775.0,-0.3426614641256756,-0.16214242430059048,-0.10955270570476004
14776.0,-0.4124888910015614,0.7629710344610069,0.0343341172214854
14778.0,0.3456374579366276,-0.2943014898379615,-0.14335918035296097
14779.0,1.8718655025095607,-0.16214242430059048,-0.18482455850547072
14780.0,-0.38256285091189607,-0.2943014898379615,-0.1774230769188503
14782.0,2.2609040236752103,-0.42646055537533256,-0.20720462756431565
14784.0,-0.6618725584154393,-0.2943014898379615,-0.19639170411524512
14785.0,-0.8214781055603213,-0.2943014898379615,-0.22196428611588928
14788.0,-0.8514041456499867,-0.2943014898379615,-0.14954452381442726
14789.0,-0.6419218650223292,-0.42646055537533256,-0.20750054247904157
14790.0,-0.7616260253809906,-0.02998335876321942,-0.14165105360942107
14792.0,-0.2927847306429,-0.42646055537533256,-0.2305289779567372
14793.0,-0.711749291898215,-0.42646055537533256,-0.20372943167552215
14794.0,-0.9012808791327622,0.3664938378488937,-0.07250199314999071
14795.0,0.7346759791022772,-0.42646055537533256,-0.21546257833502086
14796.0,-0.9112562258293173,1.6880844932226042,0.7217913774699513
14798.0,-0.4025135443050063,-0.16214242430059048,-0.21037548819528126
14799.0,-0.4124888910015614,-0.42646055537533256,-0.2123049496717869
14800.0,-0.4523902777877819,1.027289165535749,0.28929970053643606
14801.0,-0.31273542403601023,-0.42646055537533256,-0.20849895458970222
14803.0,0.6947745923160568,-0.16214242430059048,-0.12956304963348272
14804.0,-0.8414287989534315,-0.42646055537533256,-0.18877971395107576
14805.0,-0.7716013720775456,-0.02998335876321942,-0.16554798733277573
14806.0,-0.17308057028423857,-0.42646055537533256,-0.2080117775959461
14808.0,-0.5321930513602229,0.4986529033862648,0.07636846998645598
14810.0,-0.5222177046636677,0.895130099998378,0.019570849951439494
14813.0,2.7596713585029664,-0.2943014898379615,-0.21288475043966454
14815.0,-0.5621190914498881,-0.2943014898379615,-0.13762853541900033
14816.0,1.0439117266954858,-0.42646055537533256,-0.19857377588480946
14817.0,1.0738377667851513,-0.2943014898379615,-0.10974035906531793
14818.0,-0.1930312636773488,-0.16214242430059048,-0.15214761273908947
14819.0,-0.28280938394634486,-0.2943014898379615,-0.1985473119493462
14820.0,-0.711749291898215,-0.02998335876321942,-0.170252553314455
14821.0,2.729745318413301,-0.42646055537533256,-0.22540459772611754
14823.0,0.8743308328540489,-0.16214242430059048,-0.1926097671563089
14824.0,-0.8214781055603213,-0.02998335876321942,-0.09562184949565047
14825.0,-0.8913055324362071,1.027289165535749,0.035891880695347524
14828.0,1.0339363799989307,-0.16214242430059048,0.026118268166290003
14829.0,-0.631946518325774,-0.02998335876321942,-0.1473660607633352
14830.0,-0.39253819760845116,-0.42646055537533256,-0.20865653529632455
14834.0,-0.7516506786844355,0.2343347723115227,-0.0243388335129527
14836.0,-0.8214781055603213,-0.16214242430059048,-0.218951006191546
14837.0,-0.03342571653246691,-0.02998335876321942,-0.03285540910750374
14840.0,1.7421859954543442,-0.42646055537533256,-0.223714514574939
14841.0,-0.39253819760845116,0.2343347723115227,0.16517421996432682
14842.0,-0.49229166457400236,-0.02998335876321942,0.07148948261195047
14844.0,-0.2927847306429,-0.02998335876321942,0.1524294292264358
14847.0,0.5551197385642851,-0.42646055537533256,-0.1940568632636881
14849.0,-0.711749291898215,2.7453570175215725,0.7215688398308281
14850.0,2.1811012501027696,-0.42646055537533256,-0.19209011169630238
14851.0,-0.6917985985051047,-0.2943014898379615,-0.16976417341454145
14852.0,-0.3426614641256756,0.2343347723115227,0.10995240699553376
14853.0,-0.6818232518085496,-0.2943014898379615,-0.17404050480417832
14854.0,-0.14315453019457322,0.3664938378488937,0.09832511607788824
14855.0,0.26583468436418667,-0.2943014898379615,-0.15360914372035778
14856.0,-0.5621190914498881,-0.16214242430059048,-0.07603613144049792
14857.0,-0.33268611742912046,-0.2943014898379615,-0.09015945263479508
14859.0,-0.801527412167211,-0.02998335876321942,-0.06843256161943052
14860.0,-0.7316999852913252,-0.42646055537533256,-0.21078688210111976
14861.0,-0.4025135443050063,-0.42646055537533256,-0.21614342322012198
14862.0,-0.6718479051119944,-0.2943014898379615,-0.13008631381196148
14863.0,-0.631946518325774,-0.42646055537533256,-0.1991860551189375
14865.0,-0.8514041456499867,-0.2943014898379615,-0.22499560963259388
14866.0,-0.8214781055603213,0.895130099998378,1.4738254518734846
14867.0,0.9242075663368244,-0.16214242430059048,-0.14583476122493638
14868.0,-0.8913055324362071,0.4986529033862648,0.12401437997580236
14869.0,-0.8414287989534315,-0.2943014898379615,-0.1444911150470955
14870.0,1.6823339152750134,-0.42646055537533256,-0.19190967577268903
14871.0,-0.8913055324362071,-0.02998335876321942,-0.1709754999150659
14873.0,1.1735912337507024,-0.42646055537533256,-0.16876215258540855
14875.0,0.14613052400552523,-0.2943014898379615,-0.055010534714910686
14878.0,-0.801527412167211,0.6308119689236359,-0.053715004783366695
14880.0,-0.15312987689112834,-0.16214242430059048,-0.14820328344890124
14881.0,-0.7316999852913252,-0.42646055537533256,-0.2005525565137694
14882.0,-0.6618725584154393,-0.2943014898379615,-0.16033940367113644
14883.0,-0.7416753319878803,0.2343347723115227,-0.13966264973120174
14885.0,0.38553884472284805,-0.42646055537533256,-0.13921396573448316
14886.0,1.5925557950060174,-0.42646055537533256,-0.18739276315156767
14887.0,-0.1331791834980181,-0.42646055537533256,-0.007293653262276381
14888.0,1.1436651936610371,-0.42646055537533256,-0.18686348444230177
14889.0,2.4304849175166474,-0.42646055537533256,-0.21492728509496786
14890.0,1.6025311417025725,-0.42646055537533256,-0.21616026390632587
14891.0,0.5551197385642851,-0.2943014898379615,-0.16458806821915262
14893.0,-0.8314534522568764,-0.2943014898379615,-0.08237304107779947
14894.0,-0.07332710331868739,-0.42646055537533256,-0.1523942085013611
14895.0,-0.8514041456499867,2.0845616898347172,1.105600239306422
14896.0,1.1137391535713717,-0.2943014898379615,-0.1748861478328463
14897.0,-0.8514041456499867,-0.02998335876321942,-0.06691208823644852
14898.0,-0.6917985985051047,0.2343347723115227,-0.0785886983065484
14901.0,-0.8115027588637661,0.6308119689236359,-0.06061367159618451
14902.0,-0.6718479051119944,-0.42646055537533256,-0.19125890354152345
14903.0,-0.711749291898215,0.10217570677415164,0.10294427572239045
14904.0,-0.9012808791327622,-0.2943014898379615,-0.10792397076761001
14905.0,0.6448978588332811,-0.2943014898379615,-0.15715771688475405
14907.0,-0.8913055324362071,0.3664938378488937,0.18825077168831933
14908.0,-0.18305591698079368,-0.42646055537533256,-0.1978580467211431
14910.0,-0.9012808791327622,-0.02998335876321942,-0.18292156096442835
14911.0,-0.9112562258293173,25.212398158874652,15.366488187578717
14912.0,-0.7616260253809906,-0.2943014898379615,-0.1268805689024306
14913.0,-0.5720944381464433,-0.02998335876321942,-0.08362646929383366
14915.0,-0.013475023139356673,-0.2943014898379615,-0.19428782124591323
14916.0,-0.22295730376701417,-0.02998335876321942,-0.07862839420974332
14918.0,0.22593329757796618,-0.2943014898379615,-0.03758884483696112
14920.0,1.1935419271438126,-0.2943014898379615,-0.1136582244200429
14921.0,-0.6219711716292189,-0.2943014898379615,-0.07296390911444096
14923.0,-0.42246423769811653,-0.42646055537533256,-0.14116507952182236
14924.0,1.5227283681301316,-0.42646055537533256,-0.19397867436345567
14929.0,-0.6020204782361087,-0.42646055537533256,-0.20434411672196504
14930.0,0.15610587070208035,-0.16214242430059048,0.05296713359995937
14931.0,-0.8813301857396519,-0.02998335876321942,-0.12726189015433353
14932.0,2.7197699717167456,-0.42646055537533256,-0.19356006302067263
14934.0,-0.11322849010490786,-0.2943014898379615,-0.003812442842695764
14935.0,2.041446396350998,-0.42646055537533256,-0.016590914952994598
14936.0,-0.5920451315395535,0.4986529033862648,0.7475323663326346
14937.0,-0.36261215751878584,-0.16214242430059048,-0.03617783591430457
14944.0,-0.631946518325774,1.027289165535749,0.4766294793379937
14946.0,-0.7815767187741008,-0.42646055537533256,-0.21913745664594647
14947.0,-0.2030066103739039,-0.2943014898379615,-0.19629186290417908
14948.0,-0.6917985985051047,0.2343347723115227,-0.10297641774213143
14950.0,-0.7316999852913252,-0.42646055537533256,-0.1866229032108173
14951.0,-0.1331791834980181,-0.42646055537533256,-0.19378139775363837
14952.0,-0.33268611742912046,0.895130099998378,0.743017859523828
14953.0,-0.6718479051119944,-0.42646055537533256,-0.1969113595752516
14954.0,-0.801527412167211,-0.42646055537533256,-0.19580709172273777
14957.0,1.6025311417025725,-0.42646055537533256,-0.22423898165957515
14958.0,0.54514439186773,-0.16214242430059048,-0.1730866002213423
14959.0,-0.28280938394634486,-0.02998335876321942,-0.1476222797748662
14960.0,-0.8414287989534315,-0.2943014898379615,-0.2046580752290523
14961.0,-0.8214781055603213,0.6308119689236359,0.6149432380369009
14962.0,1.7721120355440094,-0.42646055537533256,-0.21603395875979653
14963.0,-0.8314534522568764,0.10217570677415164,-0.05416609459240012
14964.0,1.5426790615232417,-0.42646055537533256,-0.2064696519021305
14965.0,0.03640171034341892,-0.2943014898379615,-0.15957074663654353
14966.0,-0.7815767187741008,-0.42646055537533256,-0.20925919128119322
14967.0,-0.43243958439467167,-0.42646055537533256,-0.17548399219308528
14968.0,-0.6219711716292189,-0.42646055537533256,-0.213521087796941
14970.0,-0.2429079971601244,-0.02998335876321942,-0.03976490207573838
14971.0,-0.5720944381464433,-0.16214242430059048,-0.09919808950166746
14972.0,0.35561280463318273,-0.42646055537533256,-0.21746902580560154
14973.0,0.14613052400552523,-0.16214242430059048,-0.07315877991194339
14974.0,-0.552143744753333,-0.42646055537533256,-0.2204558417944815
14975.0,-0.3526368108222307,-0.42646055537533256,-0.1976006248034547
14976.0,-0.3526368108222307,0.2343347723115227,-0.13806639326030212
14978.0,-0.2030066103739039,0.10217570677415164,-0.00015199940565922593
14981.0,1.5327037148266867,-0.42646055537533256,-0.21899070209474095
14984.0,-0.7316999852913252,-0.2943014898379615,-0.20693156786658073
14985.0,1.053887073392041,-0.2943014898379615,-0.1961487170714458
14987.0,-0.7716013720775456,-0.2943014898379615,-0.19201192279606993
14988.0,1.1835665804472575,-0.42646055537533256,-0.19103275718392804
14995.0,-0.542168398056778,-0.2943014898379615,-0.20336976273445284
14997.0,-0.462365624484337,-0.16214242430059048,-0.16557204545592416
14998.0,0.7745773658884977,-0.2943014898379615,-0.18136981202135338
15000.0,-0.4523902777877819,-0.42646055537533256,-0.17226982694045245
15002.0,0.22593329757796618,-0.02998335876321942,-0.03378645847334873
15004.0,0.54514439186773,-0.42646055537533256,-0.08447451813481649
15005.0,-0.7716013720775456,3.1418342141336857,0.5186698466337514
15006.0,-0.4124888910015614,-0.42646055537533256,-0.17408501233200294
15007.0,0.6648485522263914,-0.42646055537533256,-0.21239997925822326
15009.0,-0.801527412167211,-0.16214242430059048,-0.07977716959008178
15010.0,-0.5720944381464433,-0.42646055537533256,-0.19411219694692955
15012.0,-0.39253819760845116,-0.2943014898379615,-0.1825522687740997
15014.0,-0.49229166457400236,-0.2943014898379615,-0.20027949681603452
15016.0,0.794528059281608,-0.42646055537533256,-0.21082056347352757
15017.0,-0.5920451315395535,-0.42646055537533256,-0.21616868424942787
15018.0,-0.542168398056778,-0.16214242430059048,-0.17639098343578183
15019.0,1.732210648757789,-0.42646055537533256,-0.20086410920854184
15021.0,-0.8414287989534315,0.6308119689236359,-0.008913967856324442
15022.0,-0.8115027588637661,-0.02998335876321942,-0.12874026182180573
15023.0,-0.8913055324362071,0.895130099998378,0.5748539845284825
15024.0,-0.8314534522568764,0.7629710344610069,-0.03442760745525489
15025.0,-0.5920451315395535,-0.42646055537533256,-0.18773438850027566
15026.0,-0.12320383680146298,-0.16214242430059048,-0.17543587594678836
15027.0,-0.6219711716292189,-0.02998335876321942,-0.10302693980074315
15028.0,-0.8414287989534315,-0.02998335876321942,-0.1558369259239042
15030.0,-0.21298195707045905,-0.2943014898379615,-0.1689305594474477
15031.0,-0.8813301857396519,-0.02998335876321942,-0.15270215247766122
15032.0,1.632457181792238,-0.16214242430059048,0.305714557960623
15033.0,-0.8813301857396519,0.7629710344610069,0.07260698243219593
15034.0,-0.7716013720775456,0.4986529033862648,0.2828665584065407
15035.0,-0.03342571653246691,-0.42646055537533256,-0.2008737324578012
15036.0,-0.2030066103739039,-0.16214242430059048,-0.17960274287609979
15038.0,-0.3426614641256756,0.2343347723115227,-0.1508797496491662
15039.0,-0.8314534522568764,5.652856459343736,2.1317790327988497
15041.0,0.7745773658884977,-0.42646055537533256,-0.20963088928383675
15042.0,1.0638624200885962,-0.42646055537533256,-0.2149236763764956
15043.0,-0.6119958249326638,-0.42646055537533256,-0.16667871912075283
15044.0,-0.7316999852913252,1.6880844932226042,0.6840441822500343
15045.0,0.5850457786539505,-0.2943014898379615,-0.1550514282031073
15046.0,-0.8314534522568764,1.423766362147862,0.36076074663043234
15047.0,1.7621366888474543,-0.42646055537533256,-0.18994051839298842
15048.0,-0.2728340372497898,-0.02998335876321942,-0.18544405517654328
15049.0,1.802038075633675,-0.42646055537533256,-0.21669916586485113
15050.0,-0.6718479051119944,-0.16214242430059048,-0.0288533403217592
15051.0,-0.6917985985051047,-0.16214242430059048,-0.0648695535811452
15052.0,2.2609040236752103,-0.42646055537533256,-0.20628681016620232
15053.0,-0.8813301857396519,-0.16214242430059048,-0.14779910698000726
15054.0,-0.801527412167211,-0.2943014898379615,-0.1949349847586065
15057.0,1.821988769026785,-0.2943014898379615,-0.05210190762626316
15058.0,-0.6718479051119944,0.895130099998378,0.02164105144836356
15059.0,-0.5222177046636677,0.6308119689236359,-0.0703596172836213
15060.0,-0.8414287989534315,-0.02998335876321942,-0.19602962936186097
15061.0,-0.8913055324362071,5.785015524881107,6.3115651742409815
15062.0,-0.21298195707045905,-0.02998335876321942,-0.11244449210720363
15063.0,1.2035172738403679,-0.42646055537533256,-0.1866710194571142
15065.0,-0.552143744753333,-0.02998335876321942,0.14735557105442784
15066.0,-0.39253819760845116,-0.42646055537533256,-0.13104382711326978
15067.0,-0.14315453019457322,-0.16214242430059048,-0.021396525051897347
15068.0,-0.462365624484337,-0.2943014898379615,-0.1647107646472097
15069.0,0.8643554861574938,-0.42646055537533256,-0.09780873288984453
15070.0,2.7895973985926314,-0.42646055537533256,-0.21849991638251257
15071.0,0.006475670253753564,-0.2943014898379615,-0.11314097477235123
15073.0,-0.8314534522568764,-0.2943014898379615,-0.1576051979753152
15074.0,0.12617983061241497,-0.42646055537533256,-0.14278058249124076
15075.0,-0.15312987689112834,-0.42646055537533256,-0.13828652508711042
15076.0,0.794528059281608,-0.42646055537533256,-0.12531679089778142
15078.0,-0.8514041456499867,3.67047047628317,0.9342943734278889
15079.0,1.1935419271438126,-0.02998335876321942,-0.12354130140942587
15081.0,-0.7017739452016598,0.10217570677415164,-0.1717489685742885
15083.0,1.632457181792238,-0.42646055537533256,-0.220665147465873
15087.0,1.8818408492061158,-0.42646055537533256,-0.19435277817841404
15088.0,-0.711749291898215,-0.2943014898379615,-0.0917292451702314
15089.0,-0.8214781055603213,0.2343347723115227,0.059929554439120604
15090.0,2.151175210013104,-0.42646055537533256,-0.18540556217950577
15091.0,-0.2528833438566795,-0.42646055537533256,-0.1734498778808839
15092.0,1.223467967233478,-0.2943014898379615,-0.17620453298138133
15093.0,-0.7416753319878803,0.2343347723115227,0.3217035866050824
15095.0,0.10622913721930474,-0.02998335876321942,-0.06640446183801627
15096.0,-0.5022670112705575,-0.42646055537533256,-0.2048842215866477
15097.0,-0.8813301857396519,-0.42646055537533256,-0.20143308382100267
15098.0,0.8942815262471591,-0.2943014898379615,-0.11741971197430294
15099.0,-0.0833024500152425,-0.42646055537533256,-0.18189788782446184
15100.0,2.400558877426982,-0.16214242430059048,-0.12590020038413133
15101.0,-0.8414287989534315,-0.2943014898379615,-0.19307890055770366
15103.0,-0.6119958249326638,-0.2943014898379615,-0.14666717228587275
15104.0,1.0339363799989307,-0.2943014898379615,-0.11380016734661876
15105.0,-0.7416753319878803,0.3664938378488937,0.045264925473983315
15106.0,-0.7516506786844355,0.10217570677415164,-0.06098176088035578
15107.0,2.1811012501027696,0.2343347723115227,-0.198976749447546
15108.0,0.48529231168839926,-0.16214242430059048,-0.09182788347514002
15109.0,1.5227283681301316,-0.42646055537533256,-0.17293984567013676
15110.0,-0.6917985985051047,-0.02998335876321942,-0.11145329743348752
15111.0,-0.631946518325774,-0.16214242430059048,-0.04272164541068278
15113.0,-0.8314534522568764,-0.16214242430059048,0.1703900210629106
15114.0,-0.6219711716292189,0.7629710344610069,0.10079468241907652
15115.0,-0.7416753319878803,-0.42646055537533256,-0.19036273845424376
15116.0,-0.7516506786844355,-0.02998335876321942,-0.06855164932901535
15117.0,-0.7815767187741008,0.10217570677415164,-0.044610208077836055
15118.0,0.4154648848125134,-0.42646055537533256,-0.20182763704063725
15119.0,1.5227283681301316,-0.42646055537533256,-0.19922935974060474
15120.0,0.4054895381159583,-0.42646055537533256,-0.18991646026984
15121.0,-0.42246423769811653,-0.2943014898379615,-0.17621535913679814
15122.0,0.21595795088141106,-0.16214242430059048,-0.034746377586971855
15123.0,-0.8514041456499867,-0.2943014898379615,0.03328157433374074
15124.0,-0.7017739452016598,-0.2943014898379615,-0.20911845126077477
15125.0,-0.6718479051119944,1.291607296610491,1.1262385002493192
15127.0,-0.2728340372497898,-0.42646055537533256,-0.18237303575664374
15128.0,-0.3227107707325653,-0.02998335876321942,-0.056672951024468524
15129.0,-0.42246423769811653,0.895130099998378,0.18341508893548106
15130.0,0.7646020191919426,-0.42646055537533256,-0.1915656446116662
15132.0,-0.7416753319878803,0.10217570677415164,-0.11363897792152415
15133.0,0.3456374579366276,-0.16214242430059048,-0.11309887305684146
15134.0,-0.7815767187741008,0.4986529033862648,-0.0643126080302586
15135.0,1.4628762879508008,-0.42646055537533256,-0.2145483696553798
15136.0,-0.9012808791327622,-0.02998335876321942,-0.07649684449879073
15139.0,1.4628762879508008,-0.2943014898379615,-0.20974757118110673
15140.0,-0.4025135443050063,0.3664938378488937,0.0519194023368444
15142.0,-0.462365624484337,-0.42646055537533256,-0.17128103807905118
15143.0,1.3232214341990292,-0.42646055537533256,-0.20006537952001333
15144.0,-0.8414287989534315,1.6880844932226042,0.5542277526471595
15145.0,-0.8813301857396519,-0.02998335876321942,-0.08755997242860512
15146.0,0.7147252857091669,-0.2943014898379615,-0.07162988618585943
15147.0,1.472851634647356,-0.42646055537533256,-0.15627358085904852
15148.0,-0.8214781055603213,-0.42646055537533256,-0.19503242015735775
15149.0,0.4054895381159583,-0.42646055537533256,-0.16862742709577724
15150.0,-0.7516506786844355,0.7629710344610069,0.4039595125557878
15152.0,-0.8314534522568764,1.15944823107312,0.3395871924474821
15153.0,-0.6119958249326638,-0.42646055537533256,-0.19166909454120454
15154.0,-0.17308057028423857,-0.42646055537533256,-0.20424186969858413
15156.0,-0.9112562258293173,-0.16214242430059048,-0.11561655564432667
15157.0,-0.8913055324362071,-0.16214242430059048,-0.0013284416276183922
15158.0,-0.47234097118089213,-0.42646055537533256,-0.18299012661540145
15159.0,-0.9112562258293173,3.4061523452084277,2.0074695075846547
15160.0,2.639967198144305,-0.42646055537533256,-0.21224961598854544
15163.0,-0.7416753319878803,-0.2943014898379615,-0.19464989599929738
15164.0,-0.2429079971601244,-0.16214242430059048,-0.13208554384559762
15165.0,2.7995727452891868,-0.42646055537533256,-0.17260303194605847
15167.0,2.2708793703717656,-0.42646055537533256,-0.21217262999447042
15168.0,-0.6718479051119944,-0.42646055537533256,-0.21845661176084538
15171.0,2.3806081840338718,-0.42646055537533256,-0.10683413778898526
15172.0,-0.8414287989534315,0.10217570677415164,-0.035916805278143914
15174.0,2.2908300637648757,-0.42646055537533256,-0.2149453286873292
15175.0,-0.21298195707045905,-0.42646055537533256,-0.20431284116187204
15178.0,1.6723585685784583,-0.42646055537533256,-0.22640300983677816
15179.0,-0.7416753319878803,0.10217570677415164,0.03420059463801154
15180.0,2.7397206651098562,-0.42646055537533256,-0.2207493508968926
15181.0,-0.26285869055323463,-0.16214242430059048,-0.14833680603237512
15182.0,0.6149718187436158,-0.2943014898379615,-0.15635176975928097
15184.0,-0.631946518325774,-0.2943014898379615,-0.18289389412280765
15185.0,-0.22295730376701417,-0.42646055537533256,-0.19391010871248257
15186.0,-0.7815767187741008,-0.2943014898379615,-0.18178601755182155
15187.0,-0.9112562258293173,1.423766362147862,0.337889891859359
15189.0,-0.9112562258293173,4.85990206611951,1.7204873739837478
15192.0,0.26583468436418667,-0.16214242430059048,-0.10565288394239641
15193.0,-0.3227107707325653,-0.42646055537533256,-0.1712112695219207
15194.0,-0.8913055324362071,1.423766362147862,0.6849223037449527
15195.0,-0.9012808791327622,-0.42646055537533256,0.23316728760647415
15197.0,-0.8214781055603213,-0.16214242430059048,-0.15185771235515066
15198.0,-0.003499676442801554,-0.2943014898379615,-0.20798170494201054
15199.0,-0.33268611742912046,-0.02998335876321942,-0.07866207558215116
15201.0,-0.05337640992557715,0.10217570677415164,-0.08731578247864837
15203.0,-0.6718479051119944,0.2343347723115227,-0.011407592320661212
15204.0,2.639967198144305,-0.42646055537533256,-0.1931931766426588
15205.0,-0.07332710331868739,-0.2943014898379615,-0.15269613794687412
15206.0,-0.8214781055603213,-0.02998335876321942,-0.180716633977873
15208.0,-0.9112562258293173,0.10217570677415164,-0.1266075092046957
15210.0,1.3232214341990292,-0.42646055537533256,-0.191436933652822
15211.0,-0.3227107707325653,-0.2943014898379615,-0.12368565014831655
15212.0,1.482826981343911,-0.42646055537533256,-0.21902919509177848
15213.0,2.2509286769786554,-0.2943014898379615,-0.19177735609537253
15214.0,-0.9112562258293173,0.4986529033862648,-0.03141913915554131
15215.0,-0.462365624484337,-0.16214242430059048,-0.1428683946407326
15216.0,-0.05337640992557715,-0.42646055537533256,-0.21965470629363815
15218.0,-0.8214781055603213,0.895130099998378,0.4612250630860417
15219.0,0.8344294460678284,-0.42646055537533256,-0.19449592401114732
15220.0,-0.4124888910015614,0.2343347723115227,-0.019693209932987128
15221.0,2.729745318413301,-0.42646055537533256,-0.1827675889762783
15222.0,2.2509286769786554,-0.42646055537533256,-0.160904769565125
15223.0,1.3232214341990292,-0.42646055537533256,-0.1765545786731913
15224.0,2.64994254484086,-0.2943014898379615,-0.19253157825607645
15225.0,1.4129995544680252,-0.42646055537533256,-0.1820278016894635
15226.0,2.1711259034062143,-0.42646055537533256,-0.21270070579757888
15227.0,-0.5621190914498881,0.10217570677415164,-0.0845924029382439
15228.0,-0.26285869055323463,-0.02998335876321942,0.1761146514660841
15230.0,1.4628762879508008,-0.2943014898379615,-0.17959793125147008
15232.0,0.20598260418485592,-0.2943014898379615,-0.15764970550313984
15234.0,1.8319641157233402,-0.42646055537533256,-0.2075775284731166
15235.0,1.2434186606265882,1.027289165535749,0.03907958201251705
15236.0,2.0514217430475528,-0.42646055537533256,-0.19265547759029095
15237.0,-0.9112562258293173,-0.02998335876321942,-0.06138593734924974
15238.0,-0.631946518325774,-0.16214242430059048,-0.10382807530158653
15239.0,-0.8214781055603213,-0.2943014898379615,-0.13737712803209906
15240.0,-0.4823163178774472,0.10217570677415164,-0.025990423667093743
15241.0,-0.26285869055323463,0.4986529033862648,-0.022138718151027015
15243.0,-0.18305591698079368,-0.42646055537533256,-0.19318114758108457
15244.0,-0.2728340372497898,-0.2943014898379615,-0.1553028355900086
15245.0,0.4154648848125134,-0.16214242430059048,0.07135716293463401
15246.0,1.4529009412542457,-0.2943014898379615,-0.1694273596904632
15247.0,0.295760724453852,-0.42646055537533256,-0.18845132057009945
15249.0,-0.6119958249326638,1.15944823107312,0.5732841919930461
15251.0,-0.8314534522568764,0.895130099998378,1.0299711233769568
15252.0,-0.5621190914498881,-0.2943014898379615,-0.14216589744479788
15253.0,-0.7616260253809906,0.10217570677415164,-0.12082393639980851
15254.0,0.3456374579366276,-0.42646055537533256,-0.19514429042999804
15255.0,-0.26285869055323463,-0.42646055537533256,-0.12411388474035893
15256.0,0.5551197385642851,-0.42646055537533256,-0.21943216865451498
15257.0,1.901791542599226,-0.42646055537533256,-0.21297256258915637
15258.0,0.7546266724953874,-0.2943014898379615,-0.1563144796684009
15260.0,0.0763030971296394,0.3664938378488937,-0.01706485997901906
15261.0,0.42544023150906857,-0.42646055537533256,-0.20062232507089994
15262.0,2.3008054104614306,-0.42646055537533256,-0.20974877408726417
15263.0,0.13615517730897012,-0.42646055537533256,-0.21244809550452018
15264.0,-0.28280938394634486,-0.42646055537533256,-0.18391155273198706
15265.0,0.5850457786539505,-0.2943014898379615,-0.050102677592627036
15266.0,2.4504356109097576,-0.42646055537533256,-0.21692410931628917
15267.0,-0.7017739452016598,0.10217570677415164,-0.02469248792323491
15269.0,-0.6917985985051047,-0.42646055537533256,-0.18209997605890885
15270.0,-0.7716013720775456,0.3664938378488937,0.05188812677675139
15271.0,-0.8514041456499867,1.423766362147862,0.06865062408043347
15272.0,-0.3526368108222307,-0.2943014898379615,-0.1444321726453818
15274.0,-0.8813301857396519,-0.2943014898379615,-0.14507813325191765
15275.0,-0.552143744753333,-0.42646055537533256,-0.15727921040665369
15276.0,-0.26285869055323463,-0.42646055537533256,-0.21580179787141401
15277.0,-0.462365624484337,-0.42646055537533256,-0.20049241120589828
15279.0,2.6100411580546394,-0.42646055537533256,-0.19632915299505915
15280.0,0.794528059281608,-0.42646055537533256,-0.21766750532157622
15281.0,-0.3426614641256756,0.6308119689236359,0.04558008688722804
15286.0,-0.43243958439467167,-0.42646055537533256,-0.2023388721575418
15287.0,-0.7017739452016598,-0.2943014898379615,-0.17273053999874524
15288.0,-0.49229166457400236,0.10217570677415164,0.04617793124746698
15289.0,-0.631946518325774,-0.16214242430059048,-0.11822806491209084
15290.0,-0.8813301857396519,1.6880844932226042,0.7101821301446669
15291.0,-0.6718479051119944,1.291607296610491,0.3248648239867886
15292.0,1.0838131134817064,-0.42646055537533256,-0.2098161368320798
15296.0,-0.42246423769811653,0.10217570677415164,0.20503853002130723
15297.0,-0.8214781055603213,-0.16214242430059048,-0.15405542190476149
15298.0,-0.9012808791327622,1.027289165535749,0.34180174268329694
15299.0,-0.2528833438566795,0.2343347723115227,0.23870185883677492
15300.0,-0.28280938394634486,-0.42646055537533256,-0.17155770649525834
15301.0,-0.42246423769811653,1.027289165535749,0.37198867270381364
15303.0,1.9716189694751118,-0.42646055537533256,-0.1622255605259749
15304.0,-0.3227107707325653,0.4986529033862648,-0.1477449762029233
15306.0,-0.28280938394634486,-0.16214242430059048,-0.09001149517743212
15307.0,0.0264263636468638,-0.42646055537533256,-0.20657911636245596
15308.0,1.81201342233023,-0.42646055537533256,-0.19392815230484392
15311.0,-0.9212315725258724,11.33569627745069,6.954808415767227
15312.0,-0.17308057028423857,-0.02998335876321942,-0.12002400380512258
15313.0,0.17605656409519058,-0.42646055537533256,-0.22501966775574234
15314.0,1.0638624200885962,-0.42646055537533256,-0.1918230665293546
15315.0,-0.28280938394634486,-0.2943014898379615,-0.16492969356786058
15316.0,2.330731450551096,-0.42646055537533256,-0.2114268281768685
15318.0,-0.8913055324362071,-0.42646055537533256,-0.19366952748099808
15319.0,1.901791542599226,-0.42646055537533256,-0.20667534885504976
15320.0,-0.4823163178774472,-0.42646055537533256,-0.19914154759111288
15321.0,-0.22295730376701417,-0.16214242430059048,0.099321122376234
15322.0,-0.07332710331868739,-0.42646055537533256,-0.15764248806619527
15325.0,0.10622913721930474,-0.42646055537533256,-0.21181897558418822
15326.0,2.400558877426982,-0.42646055537533256,-0.19377899194132353
15327.0,-0.4025135443050063,-0.42646055537533256,-0.20616411373814522
15329.0,-0.5321930513602229,-0.16214242430059048,-0.10819342174687265
15330.0,-0.6020204782361087,-0.2943014898379615,-0.14527180114326269
15332.0,2.729745318413301,-0.02998335876321942,-0.03146484958952338
15333.0,1.1536405403575922,-0.42646055537533256,-0.10754866404649421
15334.0,0.634922512136726,-0.16214242430059048,-0.18942928327608388
15335.0,-0.39253819760845116,-0.42646055537533256,-0.21079891116269397
15339.0,-0.26285869055323463,-0.2943014898379615,-0.16221954599518779
15341.0,-0.12320383680146298,-0.42646055537533256,0.011774815145184515
15342.0,0.3655881513297378,-0.42646055537533256,-0.18404988694009064
15343.0,-0.05337640992557715,-0.42646055537533256,-0.18742885033629034
15344.0,-0.9212315725258724,-0.16214242430059048,-0.17063146875404306
15345.0,-0.47234097118089213,-0.42646055537533256,-0.18633540863919335
15346.0,2.390583530730427,-0.42646055537533256,-0.20091102254868132
15347.0,2.729745318413301,-0.42646055537533256,-0.2070241916407023
15348.0,-0.2030066103739039,-0.42646055537533256,-0.21226405086243452
15349.0,0.6548732055298363,-0.2943014898379615,-0.17547076022535363
15350.0,2.7995727452891868,-0.42646055537533256,-0.21736317006374833
15351.0,-0.801527412167211,0.3664938378488937,-0.0015485734544266945
15353.0,1.6125064883991276,-0.2943014898379615,-0.13863657077892036
15355.0,-0.631946518325774,-0.2943014898379615,-0.1979482646829498
15356.0,-0.6119958249326638,0.7629710344610069,0.09567872253155882
15358.0,-0.8813301857396519,2.3488798209094592,0.7700363347256941
15360.0,-0.5321930513602229,-0.42646055537533256,-0.17979881657975966
15361.0,2.6798685849305253,-0.42646055537533256,-0.18088263502759727
15363.0,2.7895973985926314,-0.42646055537533256,-0.19206003904236682
15364.0,0.0264263636468638,-0.2943014898379615,-0.12142659238467716
15365.0,-0.6718479051119944,0.2343347723115227,-0.044924166584923306
15366.0,-0.17308057028423857,-0.2943014898379615,-0.15879848088347828
15367.0,-0.3526368108222307,-0.02998335876321942,-0.0054183225628547695
15368.0,-0.711749291898215,-0.42646055537533256,-0.17751209197449955
15370.0,-0.5222177046636677,0.3664938378488937,0.05574464391744786
15372.0,0.4453909249021788,-0.42646055537533256,0.010196602266646254
15373.0,-0.8414287989534315,0.895130099998378,0.034941584830983766
15374.0,0.35561280463318273,-0.42646055537533256,-0.21106595632964176
15376.0,-0.5222177046636677,-0.16214242430059048,-0.08433257520824067
15379.0,0.7646020191919426,0.3664938378488937,0.20773664853240587
15380.0,-0.8414287989534315,0.10217570677415164,-0.027952363609849776
15381.0,1.2035172738403679,-0.2943014898379615,-0.15947932576857937
15382.0,-0.7815767187741008,0.2343347723115227,0.48360753795720146
15384.0,0.7646020191919426,-0.2943014898379615,-0.15399888531536263
15385.0,-0.5222177046636677,-0.42646055537533256,-0.19315708945793614
15386.0,0.9341829130333795,-0.42646055537533256,-0.18386343648569015
15388.0,1.7721120355440094,-0.42646055537533256,-0.21436913663792384
15389.0,0.794528059281608,-0.42646055537533256,-0.17112947190321595
15392.0,-0.8813301857396519,-0.02998335876321942,-0.04656493058364756
15393.0,-0.7616260253809906,-0.2943014898379615,-0.20338419760834192
15394.0,-0.8314534522568764,-0.02998335876321942,0.03138459132348552
15395.0,2.3207561038545412,-0.42646055537533256,-0.21834955311283477
15396.0,0.1960072574883008,-0.42646055537533256,-0.19660943012973858
15397.0,1.9616436227785568,-0.42646055537533256,-0.21996746189456798
15398.0,-0.7616260253809906,-0.2943014898379615,-0.06942014757467438
15399.0,-0.9112562258293173,-0.16214242430059048,-0.1331453041702868
15400.0,-0.003499676442801554,0.10217570677415164,-0.15107702625898348
15402.0,0.5551197385642851,-0.2943014898379615,-0.1559307526041831
15405.0,0.9641089531230449,-0.42646055537533256,-0.18928132581872092
15406.0,-0.6119958249326638,-0.2943014898379615,-0.1722349426618872
15407.0,-0.5920451315395535,-0.02998335876321942,-0.10536178065230017
15408.0,1.712259955364679,-0.42646055537533256,-0.19913553306032575
15410.0,-0.0833024500152425,0.4986529033862648,0.1838288886536344
15411.0,-0.6618725584154393,-0.02998335876321942,-0.0705147921779288
15412.0,0.7845527125850528,-0.42646055537533256,-0.20835580875696894
15414.0,-0.8314534522568764,-0.16214242430059048,-0.13806158163567242
15415.0,2.2010519434958797,-0.42646055537533256,-0.16395894829882066
15416.0,-0.28280938394634486,-0.02998335876321942,0.24800152633980796
15417.0,-0.07332710331868739,-0.42646055537533256,-0.1700709144846842
15419.0,-0.6818232518085496,-0.42646055537533256,-0.21493209671959757
15421.0,-0.3426614641256756,-0.02998335876321942,-0.11695539019753787
15422.0,2.3008054104614306,-0.2943014898379615,-0.21952238661632167
15423.0,-0.542168398056778,-0.42646055537533256,-0.22604213798955144
15424.0,1.6125064883991276,-0.2943014898379615,-0.18516257513570644
15426.0,-0.7316999852913252,0.10217570677415164,-0.0629737734770474
15427.0,-0.5920451315395535,-0.16214242430059048,-0.05919424233042601
15428.0,-0.7716013720775456,-0.42646055537533256,-0.2199939258300313
15429.0,-0.6618725584154393,-0.2943014898379615,-0.18347730360915754
15432.0,-0.6917985985051047,-0.42646055537533256,-0.210682229265424
15433.0,1.2035172738403679,-0.2943014898379615,-0.16712379439899916
15434.0,-0.8414287989534315,0.10217570677415164,-0.11068584330505199
15435.0,-0.7017739452016598,-0.42646055537533256,-0.2133165937501792
15436.0,-0.801527412167211,-0.16214242430059048,-0.10283447481555558
15437.0,1.6923092619715685,-0.42646055537533256,-0.2071974101273711
15438.0,0.38553884472284805,-0.42646055537533256,-0.2124396751614182
15440.0,-0.38256285091189607,-0.16214242430059048,-0.18512167632635404
15442.0,1.5526544082197968,-0.42646055537533256,-0.1598221540234448
15443.0,-0.9112562258293173,0.3664938378488937,0.15242100888333382
15444.0,-0.8314534522568764,-0.2943014898379615,-0.061519459932723626
15445.0,1.712259955364679,-0.42646055537533256,-0.21762179488759417
15447.0,2.3706328373373164,-0.42646055537533256,-0.21260928492961476
15448.0,2.1910765967993244,-0.42646055537533256,-0.1717742296035944
15449.0,-0.6618725584154393,-0.16214242430059048,-0.1140491689212052
15450.0,-0.6219711716292189,-0.42646055537533256,-0.17956906150369198
15452.0,-0.631946518325774,-0.16214242430059048,-0.16770359516687677
15453.0,-0.9112562258293173,0.3664938378488937,-0.06626372181759783
15454.0,2.6898439316270806,-0.42646055537533256,-0.20973073049490285
15456.0,1.901791542599226,-0.16214242430059048,-0.1789976810789163
15457.0,1.6923092619715685,-0.42646055537533256,-0.2027574835003248
15458.0,-0.6718479051119944,-0.42646055537533256,-0.21183100464576243
15460.0,2.6100411580546394,-0.42646055537533256,-0.20550131244540545
15462.0,0.01645101695030868,-0.16214242430059048,-0.20305460132120817
15463.0,-0.631946518325774,-0.42646055537533256,-0.21610132150461217
15464.0,2.4504356109097576,-0.42646055537533256,-0.10561318803920146
15465.0,-0.7316999852913252,1.8202435587599752,0.653416988575901
15466.0,-0.07332710331868739,-0.42646055537533256,-0.19103396009008547
15467.0,-0.8314534522568764,-0.16214242430059048,-0.1681366413835489
15468.0,-0.4124888910015614,-0.2943014898379615,-0.17503771400868154
15469.0,-0.42246423769811653,-0.2943014898379615,-0.16649226866635236
15471.0,-0.9012808791327622,-0.42646055537533256,-0.17660510073180302
15472.0,0.20598260418485592,-0.42646055537533256,-0.1865795985891501
15473.0,-0.7815767187741008,0.2343347723115227,-0.04275532678309061
15475.0,-0.15312987689112834,-0.42646055537533256,-0.17664960825962767
15478.0,-0.5222177046636677,-0.2943014898379615,-0.06287754098445358
15480.0,0.2359086442745213,-0.42646055537533256,-0.12235162721973505
15482.0,-0.7716013720775456,0.6308119689236359,0.5962188007904629
15483.0,0.6847992456195017,-0.02998335876321942,-0.20417811567224073
15484.0,-0.9112562258293173,-0.02998335876321942,0.1968647826816216
15485.0,-0.6219711716292189,-0.16214242430059048,0.0772105042966517
15488.0,-0.003499676442801554,-0.42646055537533256,-0.22028984074475721
15489.0,-0.7017739452016598,-0.16214242430059048,-0.09483154015022392
15491.0,0.0264263636468638,0.2343347723115227,0.14163695518204147
15492.0,-0.6419218650223292,-0.2943014898379615,-0.15194793031695733
15493.0,-0.6020204782361087,0.10217570677415164,-0.0004539288511722633
15494.0,-0.711749291898215,-0.2943014898379615,-0.07723302306713328
15497.0,-0.7516506786844355,-0.2943014898379615,-0.07944396458447575
15498.0,-0.9012808791327622,3.009675148596315,1.3705631756957106
15500.0,-0.8414287989534315,-0.02998335876321942,-0.09515873062504283
15502.0,-0.7716013720775456,0.6308119689236359,0.563705450261491
15503.0,2.6898439316270806,-0.42646055537533256,-0.2143089913300527
15504.0,-0.11322849010490786,-0.42646055537533256,-0.2249198265446763
15505.0,-0.4025135443050063,0.10217570677415164,0.18939834416250037
15506.0,-0.7017739452016598,-0.16214242430059048,-0.11434267802361628
15507.0,0.7845527125850528,-0.42646055537533256,-0.1740332873672338
15508.0,0.9641089531230449,0.2343347723115227,-0.11095168556584235
15510.0,2.3706328373373164,-0.42646055537533256,-0.20120212583877756
15511.0,-0.8115027588637661,0.10217570677415164,-0.12294947157997402
15512.0,0.6249471654401709,-0.2943014898379615,-0.21671961526952735
15513.0,-0.5920451315395535,1.9524026242973462,1.5232576775066033
15514.0,-0.801527412167211,0.895130099998378,0.12326978106435786
15516.0,-0.4823163178774472,-0.16214242430059048,-0.2237650366335507
15517.0,1.40302420777147,-0.42646055537533256,-0.1991535766526871
15518.0,-0.28280938394634486,0.4986529033862648,-0.00243992691707675
15520.0,-0.9112562258293173,-0.42646055537533256,-0.18995495326687753
15521.0,-0.5222177046636677,0.2343347723115227,0.10315719011225423
15522.0,-0.6020204782361087,-0.2943014898379615,-0.18340031761508252
15523.0,-0.0833024500152425,-0.42646055537533256,-0.1817138431823762
15524.0,-0.6818232518085496,-0.42646055537533256,-0.17834690884775073
15525.0,-0.9012808791327622,-0.16214242430059048,-0.14503001700562076
15526.0,-0.5920451315395535,-0.2943014898379615,-0.2134188407735601
15527.0,-0.7416753319878803,0.4986529033862648,0.060854589274178486
15528.0,1.6125064883991276,-0.42646055537533256,-0.2036885328661698
15529.0,-0.7017739452016598,0.895130099998378,0.24208683676376172
15530.0,-0.711749291898215,-0.02998335876321942,-0.05116243791731622
15531.0,-0.8414287989534315,-0.2943014898379615,0.00598522780951021
15532.0,-0.6718479051119944,-0.02998335876321942,-0.04563869284243226
15533.0,-0.7316999852913252,-0.16214242430059048,-0.13579771224740333
15535.0,0.804503405978163,-0.02998335876321942,-0.17078062911756345
15537.0,0.7047499390126118,-0.42646055537533256,-0.21793214467620917
15539.0,-0.8514041456499867,-0.42646055537533256,-0.16650309482176914
15540.0,-0.8115027588637661,-0.42646055537533256,-0.205616791436518
15541.0,0.21595795088141106,-0.42646055537533256,-0.2210344396562017
15543.0,1.9516682760820017,-0.42646055537533256,-0.21589442164553554
15544.0,-0.8314534522568764,0.6308119689236359,0.19536114998484352
15545.0,-0.38256285091189607,-0.2943014898379615,-0.19651440054330221
15547.0,-0.8514041456499867,1.291607296610491,0.359424317889536
15549.0,-0.15312987689112834,-0.16214242430059048,-0.0339729089277492
15550.0,-0.8813301857396519,-0.02998335876321942,-0.1620318926346299
15551.0,-0.5621190914498881,-0.42646055537533256,-0.1788208538737752
15552.0,1.2434186606265882,-0.42646055537533256,-0.2204341894836479
15553.0,-0.3227107707325653,-0.42646055537533256,-0.1796785259640174
15554.0,1.8419394624198953,-0.42646055537533256,-0.20514765803512322
15555.0,-0.801527412167211,1.555925427685233,0.3447392395197226
15556.0,-0.6818232518085496,-0.42646055537533256,-0.19762107420813088
15557.0,-0.6419218650223292,-0.42646055537533256,-0.1748693071466424
15561.0,-0.8115027588637661,-0.02998335876321942,-0.14314506305693975
15562.0,2.580115117964974,-0.42646055537533256,-0.2150896774262199
15563.0,-0.7017739452016598,-0.16214242430059048,-0.06750632387821523
15565.0,-0.42246423769811653,-0.2943014898379615,-0.21044525675241177
15567.0,-0.7416753319878803,-0.42646055537533256,-0.2088995223401239
15568.0,-0.9012808791327622,-0.16214242430059048,-0.14005960876315116
15569.0,0.10622913721930474,0.10217570677415164,-0.06578977679157337
15570.0,-0.8514041456499867,1.027289165535749,0.2661413511937387
15571.0,-0.8115027588637661,-0.02998335876321942,-0.15303415457710984
15572.0,-0.8813301857396519,0.3664938378488937,0.07347187195938269
15573.0,-0.6119958249326638,-0.2943014898379615,-0.16111648104883136
15574.0,0.8444047927643835,-0.02998335876321942,-0.15000162815424778
15576.0,-0.552143744753333,-0.42646055537533256,-0.1204426151479056
15577.0,0.5850457786539505,-0.16214242430059048,-0.20013394517098643
15578.0,0.6947745923160568,-0.42646055537533256,-0.21598584251349964
15579.0,-0.2429079971601244,-0.2943014898379615,-0.19186757405717922
15581.0,0.634922512136726,0.7629710344610069,-0.1449746833223793
15582.0,-0.6818232518085496,-0.16214242430059048,-0.14912711537780166
15584.0,-0.6917985985051047,-0.02998335876321942,-0.14558455674419252
15585.0,0.8344294460678284,-0.42646055537533256,-0.17650646242689438
15587.0,-0.42246423769811653,-0.02998335876321942,-0.12136764998296348
15589.0,1.6224818350956827,-0.16214242430059048,-0.1763524904387443
15592.0,-0.462365624484337,-0.42646055537533256,-0.18453225230921705
15593.0,-0.22295730376701417,-0.42646055537533256,-0.20724071474903832
15594.0,-0.7716013720775456,0.10217570677415164,-0.018146272614541853
15596.0,0.0763030971296394,0.10217570677415164,-0.06573203729601709
15597.0,-0.5720944381464433,-0.42646055537533256,-0.19223205462287823
15598.0,-0.39253819760845116,-0.42646055537533256,-0.20232323437749528
15599.0,-0.6618725584154393,-0.2943014898379615,-0.1396446061388404
15601.0,-0.8115027588637661,1.291607296610491,0.58237816254316
15602.0,-0.8414287989534315,0.4986529033862648,-0.09112177756073306
15603.0,-0.14315453019457322,-0.42646055537533256,-0.22544309072315505
15604.0,-0.4025135443050063,-0.42646055537533256,-0.20524509343387445
15605.0,-0.5621190914498881,0.10217570677415164,-0.08713895527350726
15606.0,-0.31273542403601023,0.6308119689236359,0.1176113104998426
15607.0,2.4304849175166474,-0.42646055537533256,-0.2186731348691814
15608.0,-0.6419218650223292,-0.02998335876321942,-0.09971533914935912
15609.0,0.9142322196402694,-0.42646055537533256,-0.19879270480546035
15610.0,-0.4124888910015614,-0.42646055537533256,-0.2177468971279661
15611.0,-0.8314534522568764,0.895130099998378,-0.042364382281928306
15612.0,-0.5621190914498881,-0.2943014898379615,-0.20780006611223975
15615.0,-0.8214781055603213,2.4810388864468305,1.0197163483849303
15618.0,-0.6020204782361087,-0.02998335876321942,-0.14022308370994485
15619.0,-0.8214781055603213,-0.42646055537533256,-0.1908090166386475
15620.0,-0.36261215751878584,-0.16214242430059048,-0.0462461604519306
15621.0,-0.8813301857396519,-0.02998335876321942,-0.08523355192015009
15622.0,-0.49229166457400236,0.6308119689236359,0.16585987647405762
15623.0,0.48529231168839926,-0.42646055537533256,-0.19506369571745072
15624.0,0.2359086442745213,-0.02998335876321942,-0.1605282599378518
15625.0,0.10622913721930474,-0.02998335876321942,-0.048522058901773905
15626.0,-0.18305591698079368,-0.2943014898379615,-0.14998238165572905
15628.0,-0.8813301857396519,0.6308119689236359,0.11398815715368608
15630.0,-0.47234097118089213,-0.2943014898379615,-0.08856800778852517
15632.0,-0.7716013720775456,0.4986529033862648,0.15005970409631356
15634.0,-0.7516506786844355,-0.42646055537533256,-0.20197800031031504
15636.0,-0.03342571653246691,-0.2943014898379615,-0.14409295310898865
15637.0,-0.4025135443050063,-0.42646055537533256,-0.204406667842151
15639.0,0.4154648848125134,-0.42646055537533256,-0.18011277508684692
15640.0,-0.8813301857396519,1.423766362147862,1.2622667372491236
15641.0,0.12617983061241497,-0.02998335876321942,-0.004262329745571766
15643.0,0.9840596465161552,-0.16214242430059048,-0.15140181092148755
15644.0,0.7346759791022772,-0.02998335876321942,-0.1346164584008145
15645.0,-0.7416753319878803,-0.42646055537533256,-0.1577062420925387
15646.0,0.6448978588332811,-0.16214242430059048,-0.1801344273976805
15648.0,1.1137391535713717,-0.2943014898379615,-0.16048375241002716
15649.0,2.4304849175166474,-0.2943014898379615,-0.1331176373286661
15651.0,-0.5621190914498881,-0.16214242430059048,-0.15353095482012533
15652.0,-0.013475023139356673,-0.42646055537533256,-0.19064782721355286
15653.0,-0.003499676442801554,-0.2943014898379615,-0.12572698189746248
15654.0,-0.8314534522568764,-0.2943014898379615,-0.1203030780336446
15655.0,1.5027776747370214,-0.42646055537533256,-0.16857089050637838
15656.0,-0.47234097118089213,-0.02998335876321942,-0.14123725389126773
15657.0,-0.7017739452016598,-0.42646055537533256,-0.22766606130207176
15658.0,0.9740842998196001,-0.02998335876321942,-0.11064133577722736
15659.0,-0.49229166457400236,-0.42646055537533256,-0.19441172058012773
15660.0,-0.6718479051119944,0.6308119689236359,-0.04346985304059956
15661.0,2.2409533302821,-0.2943014898379615,-0.19400874701739124
15663.0,0.13615517730897012,-0.42646055537533256,-0.21465783411570521
15664.0,-0.42246423769811653,-0.42646055537533256,-0.18479087713306286
15665.0,0.7546266724953874,-0.2943014898379615,0.0360362294342382
15667.0,-0.5321930513602229,-0.42646055537533256,-0.19502881143888548
15668.0,1.2434186606265882,-0.42646055537533256,-0.22209419998089092
15669.0,-0.5222177046636677,-0.02998335876321942,-0.14895509979729027
15670.0,2.0314710496544426,-0.42646055537533256,-0.21045848872014342
15671.0,-0.7416753319878803,0.3664938378488937,0.088353024032856
15673.0,-0.04340106322902203,-0.02998335876321942,0.09666510558064521
15674.0,-0.1930312636773488,-0.16214242430059048,-0.01995183475683297
15675.0,-0.11322849010490786,-0.16214242430059048,-0.1923379103647314
15676.0,-0.7416753319878803,-0.16214242430059048,0.17357050494313558
15677.0,-0.43243958439467167,-0.42646055537533256,-0.15221617839006255
15678.0,-0.4025135443050063,-0.42646055537533256,-0.18884827960204884
15679.0,-0.6818232518085496,-0.02998335876321942,-0.1372941275072369
15680.0,-0.8314534522568764,-0.16214242430059048,-0.07084559137121998
15681.0,-0.6419218650223292,-0.02998335876321942,-0.11743655266050686
15683.0,0.2458839909710764,-0.42646055537533256,-0.20796847297427892
15687.0,-0.8414287989534315,0.6308119689236359,0.12876706220377848
15689.0,0.26583468436418667,-0.2943014898379615,-0.20070893431423437
15690.0,-0.8813301857396519,-0.2943014898379615,-0.20243390174397816
15691.0,1.5925557950060174,-0.42646055537533256,-0.21481902354079985
15692.0,-0.6419218650223292,-0.42646055537533256,-0.2082944605429404
15694.0,-0.9212315725258724,1.15944823107312,0.539619660271421
15695.0,1.732210648757789,-0.2943014898379615,-0.18195803313233297
15696.0,-0.5920451315395535,0.4986529033862648,0.08643799743023943
15699.0,-0.7516506786844355,-0.42646055537533256,-0.1940267906097526
15700.0,0.794528059281608,-0.2943014898379615,-0.14894427364187346
15701.0,-0.9012808791327622,-0.02998335876321942,-0.04735042830444443
15703.0,1.712259955364679,-0.42646055537533256,-0.20583331454485404
15704.0,0.4753169649918441,-0.02998335876321942,0.04462618230439199
15705.0,1.0838131134817064,-0.42646055537533256,-0.2140611926616237
15706.0,-0.2927847306429,-0.02998335876321942,-0.1089079480043816
15707.0,-0.5720944381464433,-0.02998335876321942,-0.12097069095101405
15708.0,-0.5222177046636677,0.3664938378488937,0.15565201482217056
15709.0,1.901791542599226,-0.42646055537533256,-0.21524605522668483
15712.0,-0.8314534522568764,0.10217570677415164,-0.10227993507698382
15713.0,0.5052430050815094,-0.2943014898379615,-0.18836711713907986
15714.0,-0.8115027588637661,-0.2943014898379615,-0.19157526786092557
15716.0,0.5251936984746197,-0.02998335876321942,-0.09882157987439424
15717.0,1.4129995544680252,-0.42646055537533256,-0.21319510022827953
15719.0,-0.6020204782361087,1.15944823107312,0.37359695823628747
15720.0,-0.6818232518085496,-0.42646055537533256,-0.15925317941098396
15721.0,-0.8115027588637661,-0.42646055537533256,-0.1745697835134442
15722.0,-0.5720944381464433,0.10217570677415164,0.034713032661073485
15723.0,2.7097946250201908,-0.42646055537533256,-0.20833535935229275
15724.0,1.0838131134817064,-0.2943014898379615,-0.20502135288859388
15725.0,-0.7716013720775456,-0.42646055537533256,-0.18132410158737133
15727.0,-0.7616260253809906,0.3664938378488937,0.38931172427685456
15729.0,1.1935419271438126,-0.42646055537533256,-0.22381676159831987
15730.0,-0.2728340372497898,-0.16214242430059048,-0.09644343440117001
15732.0,1.1935419271438126,-0.2943014898379615,-0.19589490387222963
15733.0,1.891816195902671,-0.42646055537533256,-0.21175161283937258
15734.0,0.21595795088141106,-0.2943014898379615,-0.07015151451838722
15737.0,-0.7815767187741008,0.2343347723115227,-0.09424933357003146
15738.0,-0.7416753319878803,1.555925427685233,0.3476141852359622
15739.0,-0.26285869055323463,-0.42646055537533256,-0.17724985843218144
15740.0,-0.43243958439467167,-0.42646055537533256,-0.21264416920818005
15743.0,-0.7616260253809906,-0.02998335876321942,-0.13793407358298565
15744.0,-0.15312987689112834,-0.42646055537533256,-0.22708866634650898
15745.0,-0.7316999852913252,-0.02998335876321942,-0.09960587468903369
15746.0,0.4154648848125134,-0.42646055537533256,-0.20926640871813776
15747.0,-0.801527412167211,-0.16214242430059048,-0.11740287128809904
15748.0,-0.5222177046636677,-0.42646055537533256,-0.21390962648578848
15749.0,1.4229749011645805,-0.2943014898379615,2.7580552829746514
15750.0,-0.9012808791327622,0.4986529033862648,0.06500702132960083
15752.0,-0.5321930513602229,0.3664938378488937,0.0846805515342452
15753.0,2.1112738232268837,-0.42646055537533256,-0.22174776300755322
15754.0,-0.4124888910015614,-0.16214242430059048,-0.17611311211341724
15755.0,-0.8214781055603213,0.2343347723115227,0.053122308494266864
15756.0,-0.31273542403601023,-0.02998335876321942,-0.16776013175627563
15757.0,-0.2728340372497898,-0.2943014898379615,-0.14533675807576352
15758.0,-0.6818232518085496,-0.42646055537533256,-0.20658513089324307
15759.0,1.2533940073231433,-0.16214242430059048,-0.20083644236692114
15762.0,-0.2728340372497898,-0.2943014898379615,-0.16105513283480283
15763.0,-0.6119958249326638,-0.2943014898379615,-0.10359591441320398
15764.0,-0.04340106322902203,0.2343347723115227,0.16327483114175675
15766.0,-0.28280938394634486,-0.42646055537533256,-0.193376018378587
15768.0,0.22593329757796618,-0.16214242430059048,-0.15647446618733807
15769.0,-0.8514041456499867,2.7453570175215725,6.004316477699821
15773.0,-0.8713548390430969,-0.42646055537533256,-0.15480844115930795
15774.0,-0.2429079971601244,-0.42646055537533256,-0.19870008103133882
15775.0,1.5227283681301316,-0.42646055537533256,-0.2186562941829775
15776.0,0.4054895381159583,-0.42646055537533256,-0.20221016119869756
15777.0,1.482826981343911,-0.02998335876321942,-0.10531727312447554
15780.0,0.9042568729437143,-0.16214242430059048,-0.1741030559243643
15781.0,-0.6718479051119944,-0.16214242430059048,-0.18971918366002272
15782.0,-0.8314534522568764,-0.16214242430059048,0.08325390483154213
15783.0,-0.8214781055603213,-0.42646055537533256,-0.20164720111702386
15785.0,-0.6020204782361087,0.10217570677415164,0.04887845557088044
15786.0,-0.462365624484337,-0.16214242430059048,0.36043475906177086
15787.0,-0.6618725584154393,-0.16214242430059048,-0.11901235972673029
15789.0,2.64994254484086,-0.42646055537533256,-0.189016686464088
15790.0,-0.8214781055603213,-0.42646055537533256,-0.20496120758072275
15791.0,-0.49229166457400236,-0.2943014898379615,-0.03728330667297582
15793.0,-0.7815767187741008,-0.16214242430059048,-0.11712379705957701
15795.0,0.5650950852608402,-0.42646055537533256,-0.15789630126541143
15796.0,-0.9112562258293173,0.4986529033862648,0.0944252943155246
15797.0,0.20598260418485592,-0.16214242430059048,0.03245036617896183
15799.0,-0.17308057028423857,-0.16214242430059048,-0.12492103477198942
15800.0,0.14613052400552523,-0.2943014898379615,-0.14744545256972505
15801.0,-0.462365624484337,-0.16214242430059048,-0.10329157915537611
15803.0,-0.4124888910015614,-0.42646055537533256,-0.18125553593639823
15804.0,-0.9212315725258724,1.15944823107312,0.23525192397728725
15805.0,-0.6917985985051047,1.6880844932226042,0.4230797059280179
15806.0,-0.462365624484337,-0.16214242430059048,-0.13689716847528746
15807.0,-0.42246423769811653,-0.16214242430059048,-0.12254409220492264
15808.0,2.131224516619994,-0.02998335876321942,0.20793873676685282
15809.0,0.9142322196402694,-0.02998335876321942,-0.18325356306387697
15810.0,-0.14315453019457322,-0.02998335876321942,-0.06785636957002517
15811.0,-0.7017739452016598,0.2343347723115227,0.03560438612372351
15812.0,0.14613052400552523,0.10217570677415164,-0.014614540136349484
15813.0,1.1436651936610371,-0.2943014898379615,-0.07442664300186666
15814.0,-0.7616260253809906,-0.02998335876321942,0.002730163747525002
15815.0,-0.2927847306429,0.10217570677415164,0.021407687653823594
15819.0,-0.43243958439467167,-0.02998335876321942,-0.00206702600827577
15820.0,2.2609040236752103,-0.42646055537533256,-0.20637702812800898
15821.0,-0.4823163178774472,-0.2943014898379615,-0.16259364981014615
15822.0,-0.8913055324362071,-0.2943014898379615,-0.12476104825305225
15825.0,0.794528059281608,-0.42646055537533256,-0.16716709902066634
15826.0,-0.36261215751878584,-0.16214242430059048,-0.03227681124578354
15827.0,-0.1930312636773488,1.291607296610491,-0.0277562899061899
15829.0,0.06632775043308428,-0.2943014898379615,-0.15475310747606652
15830.0,-0.552143744753333,-0.42646055537533256,-0.1643691392985017
15831.0,-0.3426614641256756,-0.16214242430059048,-0.13568704488092048
15832.0,1.6125064883991276,-0.42646055537533256,-0.1306167954273848
15834.0,-0.22295730376701417,-0.02998335876321942,0.02105283033738399
15835.0,-0.4823163178774472,-0.02998335876321942,-0.1165067062008193
15836.0,-0.42246423769811653,-0.42646055537533256,-0.21714424114309747
15837.0,-0.28280938394634486,-0.42646055537533256,-0.18412326421569342
15838.0,-0.8115027588637661,1.9524026242973462,3.8156720288913153
15839.0,-0.5920451315395535,-0.16214242430059048,-0.10658273040208398
15840.0,-0.3426614641256756,-0.2943014898379615,-0.18850424844102603
15841.0,-0.2030066103739039,-0.02998335876321942,-0.08522994320167783
15843.0,2.1012984765303284,-0.42646055537533256,-0.21696621103179894
15844.0,-0.462365624484337,-0.42646055537533256,-0.21554798467219785
15845.0,-0.7516506786844355,0.4986529033862648,0.21521631901925872
15847.0,-0.542168398056778,-0.2943014898379615,-0.1844492517843549
15850.0,-0.7316999852913252,-0.2943014898379615,-0.20302091994880034
15852.0,0.9341829130333795,-0.2943014898379615,-0.21194287491840272
15853.0,-0.4124888910015614,-0.42646055537533256,-0.21794657955009825
15854.0,-0.8813301857396519,1.027289165535749,0.12588249323827944
15855.0,0.43541557820562365,0.10217570677415164,-0.1455989916180816
15856.0,-0.8813301857396519,3.009675148596315,1.6942808604381423
15857.0,-0.7416753319878803,-0.42646055537533256,-0.19554846689889196
15858.0,-0.7716013720775456,0.10217570677415164,-0.05955150545918048
15860.0,-0.5222177046636677,0.4986529033862648,-0.11517508908455264
15861.0,-0.801527412167211,0.3664938378488937,0.1274222131197802
15862.0,-0.8414287989534315,-0.02998335876321942,-0.131087131734937
15863.0,-0.6718479051119944,-0.2943014898379615,-0.22299397378664293
15864.0,-0.7017739452016598,0.2343347723115227,-0.01671481428720911
15865.0,-0.5222177046636677,-0.16214242430059048,-0.12359904090498215
15866.0,0.08627844382619451,-0.42646055537533256,-0.20578640120471456
15867.0,-0.8713548390430969,1.423766362147862,0.22626260626286918
15869.0,1.8419394624198953,-0.2943014898379615,-0.2132744920346694
15870.0,-0.6020204782361087,-0.42646055537533256,-0.18899984577788406
15872.0,-0.7815767187741008,-0.2943014898379615,-0.19323287254585372
15874.0,-0.2927847306429,0.3664938378488937,0.2987112383121094
15877.0,-0.9112562258293173,-0.2943014898379615,-0.17860793948391143
15880.0,2.7596713585029664,-0.42646055537533256,-0.1953042769489352
15881.0,2.1910765967993244,-0.02998335876321942,-0.17855862033145709
15882.0,1.053887073392041,-0.02998335876321942,-0.17196188296415232
15883.0,-0.9012808791327622,-0.2943014898379615,-0.1835819564448533
15885.0,0.006475670253753564,-0.42646055537533256,-0.18925125316478536
15886.0,-0.3227107707325653,-0.42646055537533256,-0.20949135216957576
15888.0,-0.12320383680146298,-0.42646055537533256,-0.21496337227969056
15889.0,0.634922512136726,-0.2943014898379615,-0.18306590970331907
15891.0,1.3331967808955842,-0.42646055537533256,-0.17003121858148926
15894.0,1.6025311417025725,-0.2943014898379615,-0.20028791715913646
15895.0,0.5650950852608402,-0.42646055537533256,-0.20972231015180084
15897.0,1.0139856866058206,-0.2943014898379615,-0.20618336023666398
15898.0,-0.9112562258293173,0.10217570677415164,-0.06481301699174634
15899.0,2.749696011806411,-0.42646055537533256,-0.2245084326388378
15900.0,-0.6917985985051047,-0.42646055537533256,-0.1907031608967943
15901.0,-0.7616260253809906,-0.16214242430059048,-0.18920313691848847
15903.0,-0.8314534522568764,0.3664938378488937,0.38542633738838
15904.0,-0.8414287989534315,-0.42646055537533256,-0.211465321173906
15906.0,-0.7316999852913252,0.3664938378488937,-0.042696384381376906
15907.0,-0.8913055324362071,-0.16214242430059048,-0.12519409446972432
15909.0,0.804503405978163,-0.42646055537533256,-0.20818619898877236
15910.0,-0.9212315725258724,0.4986529033862648,-0.0834520479010074
15912.0,0.8543801394609386,-0.2943014898379615,-0.1994434770366259
15916.0,-0.7616260253809906,0.4986529033862648,-0.05133084477935535
15917.0,1.5426790615232417,-0.42646055537533256,-0.21646700497646862
15918.0,0.9740842998196001,-0.2943014898379615,-0.19107004727480814
15919.0,-0.7316999852913252,-0.2943014898379615,-0.16803920598479763
15920.0,0.6149718187436158,-0.16214242430059048,-0.21160124956969475
15921.0,0.794528059281608,-0.42646055537533256,-0.1924173021711213
15922.0,2.7995727452891868,-0.42646055537533256,-0.1868273972575791
15923.0,2.7895973985926314,-0.42646055537533256,-0.21598824832581448
15925.0,1.0139856866058206,-0.42646055537533256,-0.2063565787233328
15930.0,-0.2528833438566795,-0.42646055537533256,-0.1799551943802246
15932.0,-0.8813301857396519,0.4986529033862648,0.06895495933826132
15933.0,-0.711749291898215,-0.16214242430059048,-0.09805773446443096
15935.0,1.4628762879508008,-0.42646055537533256,-0.21827858164954686
15937.0,-0.28280938394634486,-0.42646055537533256,-0.21379053877620363
15938.0,0.1960072574883008,0.10217570677415164,-0.18260760245734112
15939.0,-0.03342571653246691,1.291607296610491,0.5024991791595212
15940.0,2.1811012501027696,-0.42646055537533256,-0.22696837573076672
15942.0,0.4054895381159583,-0.42646055537533256,-0.19068391439827553
15944.0,1.8319641157233402,-0.42646055537533256,-0.19216830059653484
15945.0,2.7197699717167456,-0.42646055537533256,-0.20950217832499254
15947.0,-0.10325314340835273,-0.42646055537533256,-0.025789538338804183
15948.0,-0.8414287989534315,-0.2943014898379615,-0.11636837199271571
15949.0,-0.7616260253809906,-0.2943014898379615,-0.18740238640082704
15950.0,-0.6119958249326638,-0.02998335876321942,-0.027856131117255985
15951.0,-0.8414287989534315,-0.2943014898379615,-0.1460825598933654
15952.0,-0.5920451315395535,-0.02998335876321942,-0.13721834441931927
15953.0,-0.7716013720775456,0.4986529033862648,-0.031919548117029066
15955.0,-0.6818232518085496,1.291607296610491,0.29797505974376687
15957.0,-0.6119958249326638,-0.42646055537533256,-0.17968333758864707
15958.0,-0.18305591698079368,-0.42646055537533256,-0.21872245402163576
15963.0,-0.7316999852913252,-0.2943014898379615,-0.17464676950751926
15965.0,-0.7516506786844355,-0.02998335876321942,-0.1339753094189083
15967.0,-0.6917985985051047,-0.2943014898379615,-0.1834376077059626
15969.0,-0.9012808791327622,-0.16214242430059048,-0.16115737985818374
15970.0,2.1012984765303284,-0.42646055537533256,-0.19349149736969953
15971.0,-0.7516506786844355,1.027289165535749,0.2733323242028102
15973.0,2.729745318413301,-0.42646055537533256,-0.21795620279935762
15974.0,-0.5321930513602229,0.3664938378488937,0.18126790144448196
15975.0,-0.0833024500152425,-0.42646055537533256,-0.1866457584278083
15976.0,0.7247006324057221,-0.2943014898379615,-0.1798337008583249
15977.0,-0.7516506786844355,-0.2943014898379615,-0.10440065863251961
15978.0,-0.15312987689112834,-0.42646055537533256,-0.09910185700907367
15980.0,-0.04340106322902203,-0.16214242430059048,0.05728556670510603
15981.0,-0.6818232518085496,0.4986529033862648,0.17873337817079282
15983.0,-0.7017739452016598,-0.02998335876321942,-0.055034592838059136
15984.0,-0.9012808791327622,0.7629710344610069,0.10091737884713362
15985.0,0.30573607115040713,-0.2943014898379615,-0.1064828891910179
15986.0,-0.6219711716292189,-0.42646055537533256,-0.21105152145575268
15987.0,-0.801527412167211,0.3664938378488937,-0.0589259942573208
15988.0,-0.7316999852913252,-0.42646055537533256,-0.21241561703826978
15990.0,-0.4823163178774472,-0.2943014898379615,-0.13599138013874837
15992.0,-0.8913055324362071,-0.42646055537533256,-0.22622377681932224
15993.0,-0.8414287989534315,0.3664938378488937,0.09988769117638
15994.0,-0.38256285091189607,-0.42646055537533256,-0.18144198639079875
15996.0,-0.04340106322902203,0.2343347723115227,-0.1089777165615121
15998.0,-0.5621190914498881,0.10217570677415164,0.139246780647243
16000.0,-0.9012808791327622,-0.16214242430059048,1.25957102455034
16003.0,-0.631946518325774,0.10217570677415164,0.09776456180852933
16005.0,-0.801527412167211,-0.02998335876321942,-0.16166139753814374
16006.0,1.1835665804472575,-0.42646055537533256,-0.21907731133807534
16007.0,-0.4523902777877819,-0.02998335876321942,-0.027525331923964808
16008.0,-0.6917985985051047,-0.16214242430059048,-0.17368203876926644
16009.0,-0.7017739452016598,-0.02998335876321942,-0.11433906930514401
16010.0,1.5227283681301316,-0.16214242430059048,-0.1840727421570817
16011.0,-0.8414287989534315,1.555925427685233,0.17205484318478328
16012.0,-0.5720944381464433,-0.16214242430059048,-0.061028674220495266
16013.0,-0.8913055324362071,5.5206973938063655,4.055834649033025
16014.0,-0.552143744753333,-0.16214242430059048,-0.1534672007937819
16015.0,-0.8913055324362071,-0.16214242430059048,-0.14774978782755296
16016.0,-0.8913055324362071,0.4986529033862648,-0.05601014973172874
16017.0,-0.4523902777877819,-0.42646055537533256,-0.205787604110872
16018.0,-0.5321930513602229,-0.2943014898379615,-0.18208794699733463
16019.0,-0.462365624484337,0.6308119689236359,0.21295124672483223
16020.0,-0.7616260253809906,-0.16214242430059048,-0.12890626287153006
16022.0,1.6723585685784583,-0.42646055537533256,-0.15878404600958923
16023.0,-0.462365624484337,-0.16214242430059048,-0.14468839165691277
16024.0,-0.801527412167211,-0.42646055537533256,-0.2017133609556821
16025.0,-0.631946518325774,-0.42646055537533256,-0.1783878076571031
16026.0,-0.49229166457400236,-0.42646055537533256,-0.20287536830375222
16027.0,-0.013475023139356673,0.2343347723115227,-0.11884876448932083
16029.0,-0.542168398056778,7.238765245792189,7.251514842744737
16030.0,2.161150556709659,-0.42646055537533256,-0.19142971621587745
16031.0,-0.003499676442801554,-0.2943014898379615,-0.16536755140916237
16033.0,-0.8713548390430969,2.0845616898347172,0.8165130199300257
16034.0,1.0339363799989307,-0.16214242430059048,-0.1786235772639579
16036.0,-0.05337640992557715,-0.2943014898379615,-0.13998382567523351
16037.0,1.7621366888474543,-0.16214242430059048,-0.12842389750240366
16038.0,-0.8514041456499867,-0.16214242430059048,-0.17452407307946216
16040.0,-0.2728340372497898,-0.16214242430059048,-0.07326704146611142
16041.0,-0.6219711716292189,-0.16214242430059048,0.14961342591190982
16042.0,-0.7017739452016598,0.10217570677415164,-0.0896361884563163
16043.0,-0.552143744753333,-0.02998335876321942,-0.13817104609599787
16045.0,0.26583468436418667,-0.02998335876321942,-0.07000115124870941
16048.0,2.7995727452891868,-0.2943014898379615,-0.20042745427339748
16049.0,-0.5222177046636677,-0.16214242430059048,-0.10198522306841531
16050.0,0.804503405978163,-0.42646055537533256,-0.21468670386348337
16052.0,-0.38256285091189607,-0.42646055537533256,-0.18772235943870144
16053.0,-0.6020204782361087,-0.2943014898379615,-0.049401383302849725
16054.0,0.5251936984746197,-0.42646055537533256,-0.13697896609399224
16055.0,1.2733447007162535,-0.42646055537533256,-0.21505960477228434
16056.0,-0.47234097118089213,-0.42646055537533256,-0.1529956615800723
16057.0,-0.7616260253809906,0.3664938378488937,0.032855745554013195
16059.0,-0.2728340372497898,0.2343347723115227,-0.05647326860233638
16062.0,-0.8314534522568764,-0.02998335876321942,-0.09250511964176888
16063.0,1.6723585685784583,-0.42646055537533256,-0.1909389305036491
16065.0,2.7197699717167456,-0.42646055537533256,-0.1871112831107308
16066.0,-0.7616260253809906,0.10217570677415164,-0.04830794160575271
16070.0,-0.7017739452016598,-0.2943014898379615,-0.12876913156958392
16071.0,-0.4823163178774472,-0.42646055537533256,-0.1920311692945887
16072.0,1.9516682760820017,-0.42646055537533256,-0.16098656718382975
16073.0,2.041446396350998,-0.42646055537533256,-0.21655120840748818
16076.0,-0.8913055324362071,0.7629710344610069,0.03018048225990566
16078.0,1.901791542599226,-0.42646055537533256,-0.22174776300755322
16079.0,-0.7616260253809906,-0.16214242430059048,-0.06864186729082204
16080.0,-0.11322849010490786,-0.2943014898379615,-0.21003145703425846
16081.0,-0.36261215751878584,0.10217570677415164,0.10546917574682023
16083.0,0.0763030971296394,-0.2943014898379615,-0.07277745866004048
16084.0,2.061397089744108,-0.42646055537533256,-0.1788064189998861
16085.0,-0.6917985985051047,0.10217570677415164,-0.1132083375171669
16086.0,-0.33268611742912046,0.10217570677415164,-0.09638208618714146
16091.0,0.6149718187436158,-0.2943014898379615,-0.193376018378587
16092.0,0.21595795088141106,-0.16214242430059048,-0.13650261525565294
16093.0,0.13615517730897012,-0.42646055537533256,-0.22922983930672097
16094.0,-0.8115027588637661,-0.02998335876321942,-0.10157382916257683
16096.0,1.712259955364679,-0.42646055537533256,-0.1927072025550601
16097.0,1.472851634647356,-0.42646055537533256,-0.20901500133123646
16098.0,-0.05337640992557715,0.3664938378488937,0.009983687876782481
16099.0,-0.42246423769811653,-0.16214242430059048,-0.14323407811258904
16101.0,-0.22295730376701417,-0.42646055537533256,-0.07932367396873351
16102.0,-0.5022670112705575,-0.16214242430059048,-0.009682624890917382
16103.0,-0.8514041456499867,0.2343347723115227,-0.059302503884594016
16104.0,-0.31273542403601023,-0.42646055537533256,-0.19540291525384385
16105.0,1.5526544082197968,-0.42646055537533256,-0.1907416538938318
16106.0,-0.2728340372497898,-0.42646055537533256,-0.2182376828401945
16107.0,-0.7516506786844355,0.3664938378488937,0.15415559956233707
16108.0,-0.0833024500152425,-0.42646055537533256,-0.13310560826709186
16109.0,1.2533940073231433,-0.2943014898379615,-0.15767135781397346
16110.0,-0.47234097118089213,-0.16214242430059048,-0.07237689090961878
16112.0,0.5052430050815094,-0.02998335876321942,-0.20772909464895184
16113.0,0.9042568729437143,-0.42646055537533256,-0.21186228020585543
16114.0,0.7745773658884977,-0.42646055537533256,-0.2149453286873292
16115.0,-0.8314534522568764,0.4986529033862648,-0.03148650190035696
16116.0,1.1835665804472575,-0.42646055537533256,-0.15995687951307613
16117.0,0.9641089531230449,-0.42646055537533256,-0.20334209589283211
16119.0,-0.8414287989534315,-0.2943014898379615,-0.18034854469370173
16120.0,-0.33268611742912046,-0.02998335876321942,-0.0737975230815347
16121.0,-0.3526368108222307,-0.2943014898379615,-0.12846720212407084
16122.0,-0.1930312636773488,-0.02998335876321942,-0.1489454765480309
16123.0,-0.4124888910015614,-0.42646055537533256,-0.19425173406119056
16124.0,2.2409533302821,-0.42646055537533256,-0.2013224164545198
16125.0,2.7397206651098562,-0.42646055537533256,-0.19646869010932014
16126.0,-0.631946518325774,-0.02998335876321942,0.5250849451712855
16127.0,-0.5321930513602229,-0.42646055537533256,-0.15233406319348997
16128.0,-0.7516506786844355,0.10217570677415164,-0.005101958243452648
16131.0,-0.4124888910015614,0.2343347723115227,0.1905290759504775
16133.0,-0.8913055324362071,3.802629541820541,1.5056543487988832
16134.0,-0.711749291898215,-0.2943014898379615,-0.15815131737078497
16135.0,1.6923092619715685,-0.42646055537533256,-0.16901837159693953
16136.0,-0.33268611742912046,-0.16214242430059048,-0.14594302277910443
16139.0,-0.7416753319878803,-0.16214242430059048,-0.15484091962555838
16140.0,-0.2728340372497898,-0.2943014898379615,-0.14608737151799508
16141.0,-0.04340106322902203,-0.42646055537533256,-0.1566464817678495
16142.0,1.5626297549163521,-0.42646055537533256,-0.16687840154288497
16143.0,-0.8913055324362071,0.2343347723115227,0.06042274596366381
16144.0,1.5327037148266867,-0.42646055537533256,-0.21019986389629758
16145.0,-0.8414287989534315,0.895130099998378,0.22576821183216855
16146.0,0.6448978588332811,-0.16214242430059048,-0.14296583003948382
16147.0,0.4054895381159583,-0.42646055537533256,-0.18616579887099677
16148.0,2.0314710496544426,-0.42646055537533256,-0.22209419998089092
16149.0,-0.8813301857396519,-0.2943014898379615,-0.1975308562463242
16150.0,-0.5022670112705575,0.10217570677415164,0.010896693650266121
16152.0,1.7521613421508992,-0.42646055537533256,-0.011258431957140826
16153.0,-0.43243958439467167,0.10217570677415164,-0.011837029818861025
16156.0,-0.8414287989534315,0.6308119689236359,0.13411518297967878
16157.0,-0.7716013720775456,-0.16214242430059048,-0.15228113532256338
16159.0,1.8818408492061158,-0.42646055537533256,-0.18938958737288894
16160.0,-0.2728340372497898,-0.2943014898379615,-0.10792397076761001
16161.0,-0.9112562258293173,1.9524026242973462,0.4303079690279695
16162.0,1.5925557950060174,-0.42646055537533256,-0.22677591074557912
16163.0,2.7197699717167456,-0.42646055537533256,-0.17815444386256313
16164.0,-0.7516506786844355,-0.16214242430059048,-0.13233815413865635
16168.0,-0.8214781055603213,3.009675148596315,0.22229301594337506
16169.0,-0.8414287989534315,-0.02998335876321942,-0.011988595994696254
16170.0,-0.42246423769811653,0.2343347723115227,-0.004520954569417607
16171.0,-0.33268611742912046,-0.42646055537533256,-0.22246950670200671
16172.0,0.0264263636468638,0.10217570677415164,-0.09411821679887239
16173.0,-0.7716013720775456,0.2343347723115227,-0.060664193654796264
16174.0,0.33566211124007245,-0.16214242430059048,-0.10983538865175432
16175.0,0.01645101695030868,-0.02998335876321942,-0.10646243978634173
16177.0,-0.42246423769811653,-0.42646055537533256,-0.19134430987870046
16178.0,0.4553662715987339,-0.42646055537533256,-0.20746926691894857
16179.0,-0.3227107707325653,-0.42646055537533256,-0.20531245617869012
16180.0,0.0763030971296394,0.4986529033862648,1.002206846357489
16181.0,-0.1930312636773488,-0.42646055537533256,-0.19452118504045318
16182.0,-0.2030066103739039,-0.02998335876321942,0.5647664134923376
16183.0,-0.2528833438566795,-0.42646055537533256,-0.19053114531628287
16184.0,-0.28280938394634486,0.2343347723115227,-0.09188321715838146
16185.0,-0.7616260253809906,-0.2943014898379615,-0.1675917248942365
16186.0,-0.7017739452016598,1.027289165535749,0.24891814083176386
16187.0,-0.6119958249326638,1.423766362147862,0.5916621922661465
16188.0,-0.4823163178774472,-0.02998335876321942,-0.1131662358016571
16189.0,-0.7716013720775456,-0.2943014898379615,-0.2053545578941999
16190.0,-0.5222177046636677,-0.42646055537533256,-0.20540267414049682
16191.0,-0.9012808791327622,1.027289165535749,0.36640959394568823
16193.0,1.4329502478611356,-0.42646055537533256,-0.19344939565418978
16198.0,-0.17308057028423857,-0.42646055537533256,-0.18307661556812013
16200.0,-0.8813301857396519,-0.2943014898379615,-0.10269974932592427
16201.0,-0.8913055324362071,-0.02998335876321942,-0.01014814957383989
16202.0,2.6698932382339704,-0.42646055537533256,-0.1873362265621688
16203.0,-0.3426614641256756,-0.02998335876321942,-0.1599544737007613
16204.0,-0.6917985985051047,-0.42646055537533256,-0.18506153101848294
16205.0,-0.6219711716292189,-0.02998335876321942,-0.14093291863343985
16206.0,-0.38256285091189607,-0.02998335876321942,-0.1666715016838083
16207.0,-0.6718479051119944,-0.42646055537533256,-0.18383456673791204
16208.0,-0.4823163178774472,-0.2943014898379615,-0.15137053536139455
16209.0,-0.04340106322902203,0.10217570677415164,0.04089717321638235
16210.0,-0.9112562258293173,1.6880844932226042,2.304006324793968
16211.0,-0.04340106322902203,-0.42646055537533256,-0.16547340715101552
16212.0,-0.7316999852913252,-0.2943014898379615,-0.14823335610283678
16213.0,-0.14315453019457322,-0.42646055537533256,-0.21214857187132197
16214.0,0.7745773658884977,-0.16214242430059048,-0.10343592789426681
16215.0,-0.12320383680146298,-0.42646055537533256,-0.20212234904920576
16216.0,1.7421859954543442,-0.42646055537533256,-0.12121728671328567
16217.0,1.4229749011645805,-0.2943014898379615,-0.1992233452098176
16218.0,-0.631946518325774,0.3664938378488937,0.13820025229028546
16221.0,-0.5621190914498881,-0.16214242430059048,-0.12772140030646895
16222.0,2.2509286769786554,-0.42646055537533256,-0.13822397396692446
16224.0,-0.3526368108222307,-0.02998335876321942,-0.07546234520340742
16225.0,-0.4823163178774472,0.10217570677415164,-0.0993977719237996
16226.0,1.1037638068748166,-0.16214242430059048,-0.20058623788617724
16227.0,1.3232214341990292,-0.42646055537533256,-0.19347706249581048
16229.0,-0.05337640992557715,-0.2943014898379615,-0.10970908350522494
16230.0,0.9641089531230449,-0.2943014898379615,-0.16607365732356935
16232.0,-0.49229166457400236,-0.02998335876321942,-0.11208121444766206
16233.0,-0.21298195707045905,-0.16214242430059048,-0.1739105909391767
16235.0,-0.5222177046636677,-0.02998335876321942,-0.12814843199235387
16236.0,-0.14315453019457322,-0.42646055537533256,-0.17928517565054025
16239.0,-0.36261215751878584,-0.2943014898379615,-0.18621391511729363
16240.0,-0.6818232518085496,-0.2943014898379615,0.21606196204792674
16241.0,-0.8314534522568764,1.15944823107312,0.08031520508895908
16242.0,-0.8414287989534315,0.3664938378488937,0.19934878389669902
16243.0,-0.5920451315395535,-0.2943014898379615,-0.18206388887418615
16244.0,1.1835665804472575,-0.2943014898379615,-0.04810224465283347
16245.0,-0.6917985985051047,-0.16214242430059048,-0.06753399071983594
16247.0,0.7745773658884977,-0.42646055537533256,-0.2174942868349074
16248.0,-0.31273542403601023,-0.42646055537533256,-0.21287753300271997
16249.0,-0.4025135443050063,0.10217570677415164,-0.014743251095193708
16250.0,1.6823339152750134,-0.2943014898379615,-0.1844288023796787
16253.0,-0.26285869055323463,-0.2943014898379615,0.21185900793389265
16255.0,-0.7616260253809906,0.4986529033862648,0.08387580731492957
16256.0,1.732210648757789,-0.42646055537533256,-0.1407645117714007
16257.0,0.8344294460678284,-0.42646055537533256,-0.22863440075879685
16258.0,-0.47234097118089213,0.10217570677415164,0.3946586421465974
16260.0,-0.42246423769811653,-0.42646055537533256,-0.10671986170403013
16261.0,-0.7516506786844355,-0.02998335876321942,-0.14363825458148297
16265.0,-0.8314534522568764,0.6308119689236359,0.4106921783188814
16266.0,-0.1930312636773488,0.3664938378488937,-0.1275975009722544
16268.0,-0.21298195707045905,-0.2943014898379615,-0.1569772809611407
16270.0,2.6000658113580846,-0.42646055537533256,-0.09399431746465789
16271.0,-0.7716013720775456,-0.02998335876321942,-0.06411412851428387
16272.0,0.2359086442745213,-0.42646055537533256,-0.18175113327325632
16274.0,2.7995727452891868,-0.42646055537533256,-0.19139242612499738
16275.0,1.0339363799989307,-0.42646055537533256,-0.16392767273872766
16276.0,0.8344294460678284,-0.42646055537533256,-0.13376720665367423
16278.0,0.0763030971296394,-0.42646055537533256,-0.16657887790968676
16279.0,-0.711749291898215,-0.16214242430059048,-0.05050444824920613
16281.0,-0.2030066103739039,-0.42646055537533256,0.016771687323117426
16282.0,2.460410957606313,-0.42646055537533256,-0.21102986914491909
16283.0,-0.8713548390430969,0.10217570677415164,-0.04678385950429844
16284.0,-0.6119958249326638,-0.2943014898379615,-0.13351700217293036
16287.0,0.7646020191919426,-0.42646055537533256,-0.21413336703106903
16292.0,0.2857853777572969,-0.42646055537533256,-0.19731072441951586
16293.0,-0.711749291898215,0.7629710344610069,0.039257612123815525
16295.0,-0.8314534522568764,-0.02998335876321942,-0.07146268222997772
16297.0,1.7521613421508992,-0.42646055537533256,-0.1974129714428968
16298.0,-0.7017739452016598,-0.16214242430059048,-0.15931693343732736
16302.0,0.33566211124007245,-0.42646055537533256,-0.20567453093207427
16303.0,-0.6718479051119944,-0.16214242430059048,0.40874707906232927
16305.0,0.4553662715987339,-0.42646055537533256,-0.18782340355592492
16306.0,1.2035172738403679,0.10217570677415164,-0.15821386849097094
16308.0,-0.552143744753333,-0.02998335876321942,0.0766691965258116
16309.0,0.13615517730897012,-0.2943014898379615,-0.14628103940934012
16311.0,-0.7516506786844355,-0.2943014898379615,-0.1571444849170224
16313.0,-0.8913055324362071,-0.2943014898379615,-0.1982971074686023
16315.0,2.3706328373373164,-0.42646055537533256,-0.20404459308876682
16316.0,-0.28280938394634486,0.4986529033862648,0.12011936983806842
16317.0,0.26583468436418667,-0.16214242430059048,-0.06988687516375428
16318.0,-0.5720944381464433,-0.42646055537533256,-0.19180141421852098
16319.0,1.2434186606265882,-0.42646055537533256,-0.18262925476817474
16320.0,0.794528059281608,-0.2943014898379615,-0.10635778695064596
16321.0,-0.2030066103739039,-0.16214242430059048,-0.2035237347226029
16322.0,-0.9112562258293173,-0.2943014898379615,-0.19196982108056015
16323.0,1.0339363799989307,-0.42646055537533256,-0.20631447700782302
16324.0,0.35561280463318273,-0.16214242430059048,-0.1821252370882147
16325.0,-0.462365624484337,-0.16214242430059048,-0.17043900376885546
16326.0,-0.8713548390430969,1.291607296610491,0.13130760000825478
16327.0,-0.7815767187741008,0.2343347723115227,0.2245869579855797
16330.0,-0.7516506786844355,-0.16214242430059048,-0.2014234605717433
16332.0,-0.6419218650223292,0.3664938378488937,-0.04087879317751158
16333.0,-0.8514041456499867,2.3488798209094592,2.9716793874713066
16337.0,-0.5621190914498881,-0.42646055537533256,-0.21310488226647284
16338.0,0.6448978588332811,-0.42646055537533256,-0.20543635551290462
16339.0,1.911766889295781,-0.42646055537533256,-0.21996144736378087
16340.0,0.14613052400552523,-0.42646055537533256,-0.1670023008770995
16341.0,-0.6818232518085496,-0.02998335876321942,0.005922676689324217
16342.0,-0.17308057028423857,-0.02998335876321942,-0.19249188235288148
16343.0,-0.7616260253809906,-0.2943014898379615,-0.19174968925375185
16344.0,0.6548732055298363,-0.42646055537533256,-0.21911339852279804
16345.0,-0.4823163178774472,-0.42646055537533256,-0.16325524819672851
16347.0,-0.8115027588637661,-0.2943014898379615,-0.12933449746357245
16348.0,-0.6020204782361087,0.3664938378488937,-0.061266849639664916
16349.0,1.9716189694751118,-0.42646055537533256,-0.22483923183212898
16350.0,-0.711749291898215,-0.02998335876321942,-0.09697391601659333
16351.0,2.390583530730427,-0.42646055537533256,-0.21276205401160742
16352.0,-0.7516506786844355,-0.2943014898379615,-0.17179828772674285
16353.0,-0.8913055324362071,2.4810388864468305,0.5717504866423325
16354.0,-0.2927847306429,-0.2943014898379615,-0.18366375406355803
16356.0,1.0439117266954858,-0.16214242430059048,-0.20580083607860364
16357.0,-0.5920451315395535,-0.16214242430059048,-0.15201769887408786
16358.0,-0.9112562258293173,-0.02998335876321942,0.012614443643065396
16359.0,-0.8514041456499867,0.6308119689236359,-0.0507281887944867
16360.0,-0.8813301857396519,0.2343347723115227,0.17443058284569266
16361.0,-0.8314534522568764,-0.02998335876321942,-0.12407058011869175
16362.0,-0.6020204782361087,0.10217570677415164,-0.14765596114727397
16363.0,-0.39253819760845116,-0.42646055537533256,-0.2181197980367671
16364.0,-0.8115027588637661,-0.2943014898379615,-0.14637486608961908
16365.0,-0.7516506786844355,0.6308119689236359,-0.045976709472667965
16366.0,-0.7416753319878803,-0.42646055537533256,-0.19190366124190192
16367.0,-0.552143744753333,-0.2943014898379615,-0.13496169246799475
16368.0,-0.9012808791327622,-0.2943014898379615,-0.17354611037347767
16369.0,-0.7416753319878803,-0.16214242430059048,-0.04562666378085804
16370.0,-0.10325314340835273,-0.02998335876321942,-0.07466722423335115
16372.0,-0.5920451315395535,-0.2943014898379615,-0.18848379903634985
16374.0,-0.26285869055323463,-0.2943014898379615,-0.17608785108411135
16376.0,-0.8414287989534315,-0.2943014898379615,-0.11399624105027861
16377.0,1.7421859954543442,-0.42646055537533256,-0.14993426540943214
16378.0,1.5426790615232417,-0.16214242430059048,-0.18761530079069083
16379.0,-0.8813301857396519,-0.02998335876321942,0.02517278392655593
16380.0,-0.31273542403601023,-0.42646055537533256,-0.021590192943242353
16383.0,-0.18305591698079368,-0.2943014898379615,-0.15383649298411062
16384.0,-0.03342571653246691,-0.2943014898379615,-0.16096491487299613
16385.0,-0.3227107707325653,-0.16214242430059048,-0.16453032872359633
16386.0,-0.6419218650223292,-0.2943014898379615,-0.19487844816920766
16387.0,2.2908300637648757,-0.42646055537533256,-0.2199241572729008
16389.0,-0.39253819760845116,-0.02998335876321942,-0.06502472847545267
16392.0,1.7621366888474543,-0.42646055537533256,-0.20506465751026107
16393.0,-0.9012808791327622,1.15944823107312,0.13307707496582316
16394.0,-0.36261215751878584,0.10217570677415164,-0.04721329700249825
16395.0,-0.3227107707325653,0.10217570677415164,-0.05299686980738548
16398.0,0.6149718187436158,-0.2943014898379615,-0.033282440793388705
16399.0,-0.7316999852913252,-0.2943014898379615,-0.1824103258475238
16400.0,0.01645101695030868,-0.42646055537533256,-0.1947148529317982
16401.0,-0.9112562258293173,1.027289165535749,0.26171465653442405
16402.0,1.712259955364679,-0.2943014898379615,-0.19597549858477695
16403.0,2.1910765967993244,-0.42646055537533256,-0.20992319548009042
16404.0,-0.22295730376701417,-0.42646055537533256,-0.1779800224697369
16405.0,2.091323129833773,-0.2943014898379615,-0.21115617429144845
16406.0,-0.7416753319878803,-0.42646055537533256,-0.21270792323452342
16407.0,-0.801527412167211,0.7629710344610069,0.018891207972495792
16409.0,-0.5621190914498881,0.10217570677415164,0.012070730059910445
16411.0,-0.7316999852913252,-0.2943014898379615,-0.20580925642170558
16412.0,-0.39253819760845116,-0.42646055537533256,-0.21491645893955105
16413.0,-0.36261215751878584,-0.42646055537533256,-0.19973458032672214
16414.0,-0.711749291898215,-0.2943014898379615,-0.21608808953688055
16415.0,-0.4823163178774472,-0.42646055537533256,-0.20718417815963946
16416.0,-0.6618725584154393,-0.16214242430059048,-0.10720703869778622
16418.0,-0.4823163178774472,-0.16214242430059048,-0.1553569663670926
16419.0,0.1960072574883008,0.2343347723115227,-0.11595096355609011
16422.0,-0.7516506786844355,6.0493336559558495,3.936963462556537
16423.0,-0.6818232518085496,-0.42646055537533256,-0.1896397918536328
16424.0,0.9840596465161552,-0.42646055537533256,-0.21520876513580472
16425.0,2.091323129833773,-0.42646055537533256,-0.19486281038916117
16426.0,-0.9012808791327622,0.7629710344610069,-0.007081941778570028
16427.0,1.7022846086681238,-0.2943014898379615,-0.20227752394351325
16429.0,0.13615517730897012,-0.42646055537533256,-0.19704608506488294
16430.0,-0.3526368108222307,-0.42646055537533256,-0.1950853480282843
16431.0,1.2035172738403679,-0.16214242430059048,-0.15630004479451182
16432.0,-0.28280938394634486,-0.42646055537533256,-0.19670325681001752
16433.0,-0.6419218650223292,-0.42646055537533256,-0.20911003091767283
16434.0,-0.631946518325774,0.3664938378488937,-0.04941942689521107
16438.0,-0.8713548390430969,0.10217570677415164,-0.13524076669651675
16440.0,-0.8514041456499867,0.10217570677415164,0.206663656239985
16441.0,-0.2528833438566795,-0.2943014898379615,-0.18541999705339482
16442.0,-0.9112562258293173,-0.16214242430059048,-0.15798170760258842
16444.0,-0.462365624484337,-0.02998335876321942,-0.15252412236636273
16445.0,-0.5920451315395535,-0.42646055537533256,-0.20354658993959393
16446.0,1.1237145002679267,-0.42646055537533256,-0.23092593698868663
16447.0,0.42544023150906857,-0.42646055537533256,-0.20049120829974088
16448.0,1.053887073392041,-0.42646055537533256,-0.2092627999996655
16449.0,1.0439117266954858,-0.2943014898379615,-0.1485400971729795
16450.0,0.5650950852608402,-0.42646055537533256,-0.19375373091201764
16451.0,-0.05337640992557715,-0.42646055537533256,-0.19916079408963164
16454.0,-0.28280938394634486,-0.42646055537533256,-0.23056506514145989
16455.0,-0.2927847306429,0.3664938378488937,-0.009798103882029943
16456.0,0.06632775043308428,0.10217570677415164,0.028334021308262135
16457.0,1.2533940073231433,-0.42646055537533256,-0.2062110270782847
16458.0,-0.9012808791327622,1.8202435587599752,0.187666159295812
16460.0,-0.6419218650223292,-0.16214242430059048,-0.1336914235657566
16461.0,0.8444047927643835,-0.42646055537533256,-0.21408284497245728
16462.0,-0.1930312636773488,-0.2943014898379615,-0.21900513696863003
16463.0,-0.711749291898215,-0.02998335876321942,-0.0625792202574128
16464.0,-0.7316999852913252,-0.16214242430059048,-0.07505816873451344
16466.0,-0.5920451315395535,0.3664938378488937,-0.039295768674343604
16468.0,-0.18305591698079368,-0.42646055537533256,-0.2222650126552449
16469.0,-0.6917985985051047,-0.02998335876321942,-0.15604262287682344
16470.0,-0.4124888910015614,-0.02998335876321942,-0.14072361296204833
16471.0,1.81201342233023,-0.42646055537533256,-0.20433569637886306
16473.0,0.7147252857091669,-0.16214242430059048,-0.19324971323205767
16474.0,-0.8514041456499867,0.3664938378488937,-0.014638598259497938
16475.0,-0.04340106322902203,-0.02998335876321942,-0.16580059762583446
16477.0,-0.2927847306429,0.3664938378488937,0.06878534957006477
16478.0,-0.6718479051119944,-0.16214242430059048,-0.1914585859636556
16479.0,-0.8214781055603213,-0.2943014898379615,-0.19508775384059918
16480.0,-0.17308057028423857,-0.42646055537533256,-0.13873641198998643
16482.0,-0.7716013720775456,-0.42646055537533256,-0.20473626412928475
16483.0,0.9940349932127103,-0.42646055537533256,-0.21451228247065712
16484.0,0.804503405978163,-0.2943014898379615,-0.18563652016173088
16485.0,-0.15312987689112834,-0.42646055537533256,-0.18753109735967127
16488.0,-0.5920451315395535,-0.16214242430059048,-0.17127382064210667
16491.0,-0.462365624484337,-0.42646055537533256,-0.14328219435888592
16493.0,-0.1331791834980181,-0.02998335876321942,-0.06868637481864666
16494.0,2.0314710496544426,-0.42646055537533256,-0.13185097714490024
16495.0,-0.8913055324362071,-0.16214242430059048,-0.1532951852132705
16496.0,-0.8414287989534315,-0.16214242430059048,-0.043354374049487
16497.0,-0.43243958439467167,0.2343347723115227,0.12546989642628353
16498.0,0.6847992456195017,-0.2943014898379615,-0.21912903630284453
16499.0,2.6698932382339704,-0.2943014898379615,-0.19038198495276248
16500.0,-0.8813301857396519,0.2343347723115227,-0.1830550835479023
16503.0,0.13615517730897012,-0.02998335876321942,-0.059027038374544274
16504.0,-0.6718479051119944,-0.42646055537533256,-0.1752337877123414
16505.0,-0.6119958249326638,-0.42646055537533256,-0.13773679697316835
16506.0,-0.7316999852913252,-0.2943014898379615,-0.2204125371728143
16509.0,2.0314710496544426,-0.42646055537533256,-0.18752508282888414
16510.0,2.7895973985926314,-0.42646055537533256,-0.20143067800868783
16511.0,-0.711749291898215,-0.16214242430059048,-0.12104887985124652
16513.0,-0.8813301857396519,-0.02998335876321942,-0.1260698101523279
16515.0,-0.4025135443050063,0.10217570677415164,-0.0359059791227271
16516.0,-0.6219711716292189,-0.42646055537533256,-0.2190412241533527
16517.0,1.8419394624198953,-0.42646055537533256,-0.21170349659307566
16518.0,-0.31273542403601023,-0.2943014898379615,-0.1730156287580544
16519.0,-0.6718479051119944,-0.2943014898379615,-0.20565528443355552
16520.0,0.9341829130333795,-0.16214242430059048,-0.10657912168361172
16523.0,-0.9112562258293173,2.2167207553720885,0.8966746862606588
16525.0,-0.9012808791327622,2.6131979519842017,1.1996506601306547
16526.0,0.7845527125850528,-0.42646055537533256,-0.1963471965874205
16527.0,-0.11322849010490786,-0.42646055537533256,-0.20384130194816244
16528.0,-0.8913055324362071,-0.42646055537533256,-0.2018745503807767
16529.0,0.9740842998196001,-0.42646055537533256,-0.1765124769576815
16531.0,-0.7017739452016598,0.3664938378488937,-0.08156228232769673
16532.0,-0.7516506786844355,-0.16214242430059048,0.5805425277469333
16533.0,-0.7316999852913252,-0.16214242430059048,-0.10132362468183297
16535.0,-0.8713548390430969,-0.42646055537533256,-0.15985222667738036
16536.0,0.17605656409519058,-0.42646055537533256,-0.16534108747369905
16539.0,-0.9012808791327622,-0.02998335876321942,-0.06421396972534996
16542.0,-0.39253819760845116,-0.42646055537533256,-0.21688561631925163
16545.0,0.7147252857091669,-0.42646055537533256,-0.19046017385299496
16546.0,1.9716189694751118,-0.2943014898379615,-0.13658802159282993
16549.0,-0.8214781055603213,0.7629710344610069,0.25408582568405075
16550.0,0.15610587070208035,0.10217570677415164,0.04408487453355188
16551.0,0.0264263636468638,-0.16214242430059048,-0.12035239718609891
16552.0,1.4928023280404663,-0.2943014898379615,-0.18559682425853594
16553.0,0.7047499390126118,1.027289165535749,0.45063106855762197
16554.0,-0.5022670112705575,-0.16214242430059048,-0.14222965147114125
16555.0,-0.5720944381464433,-0.2943014898379615,-0.1968848956397883
16556.0,-0.26285869055323463,0.3664938378488937,0.16734305976615949
16557.0,-0.6818232518085496,-0.2943014898379615,-0.197370869727387
16558.0,-0.9212315725258724,2.0845616898347172,0.7717673166862249
16560.0,-0.6618725584154393,-0.2943014898379615,-0.13305628911463754
16561.0,-0.8713548390430969,-0.2943014898379615,-0.16979184025616217
16563.0,-0.39253819760845116,-0.42646055537533256,-0.10163277156429053
16565.0,2.7097946250201908,-0.42646055537533256,-0.21038029981991094
16566.0,-0.7716013720775456,0.10217570677415164,-0.15733694990220998
16567.0,1.0139856866058206,-0.2943014898379615,-0.12715122278785065
16569.0,-0.8913055324362071,-0.42646055537533256,-0.21633468529915215
16570.0,-0.7716013720775456,0.7629710344610069,0.2136561497330818
16571.0,-0.6618725584154393,-0.16214242430059048,-0.06944179988550798
16572.0,0.3456374579366276,-0.16214242430059048,-0.1098293741209672
16573.0,-0.0833024500152425,-0.2943014898379615,-0.15144872426162703
16574.0,-0.21298195707045905,-0.42646055537533256,-0.17697078420365944
16581.0,0.8942815262471591,-0.42646055537533256,-0.2228015088014553
16582.0,0.20598260418485592,-0.42646055537533256,-0.19354923686525582
16583.0,2.7995727452891868,-0.42646055537533256,-0.20319293552931172
16584.0,-0.12320383680146298,-0.2943014898379615,-0.11867314019033715
16586.0,1.5526544082197968,-0.42646055537533256,-0.17546594860072393
16587.0,1.393048861074915,-0.42646055537533256,-0.20419134763997238
16589.0,-0.21298195707045905,-0.16214242430059048,-0.17603251740086992
16591.0,-0.2429079971601244,-0.42646055537533256,-0.20559273331336955
16592.0,-0.8813301857396519,1.555925427685233,0.26157752523247796
16593.0,-0.42246423769811653,-0.16214242430059048,-0.19157526786092557
16594.0,-0.17308057028423857,-0.42646055537533256,-0.20949135216957576
16595.0,-0.31273542403601023,-0.42646055537533256,-0.1879509116086117
16596.0,-0.7716013720775456,-0.2943014898379615,-0.2011840822464162
16597.0,-0.8813301857396519,-0.42646055537533256,-0.22044381273290728
16598.0,1.9217422359923364,-0.42646055537533256,-0.2138266259609263
16600.0,-0.8813301857396519,0.2343347723115227,-0.13341595805570688
16601.0,-0.5222177046636677,-0.42646055537533256,-0.2022209873541144
16602.0,-0.5621190914498881,-0.42646055537533256,-0.16955607064930736
16603.0,-0.18305591698079368,-0.2943014898379615,-0.17323816639717754
16607.0,-0.7516506786844355,1.15944823107312,0.1342487055631527
16609.0,-0.7716013720775456,0.3664938378488937,0.425964274893517
16610.0,1.2633693540196984,-0.42646055537533256,-0.22217359178728077
16611.0,0.9341829130333795,-0.42646055537533256,-0.21569834794187567
16612.0,-0.6020204782361087,-0.02998335876321942,-0.0884104270819028
16613.0,-0.22295730376701417,-0.42646055537533256,-0.15686420778234297
16614.0,0.8942815262471591,-0.42646055537533256,-0.17038487299177144
16616.0,-0.7716013720775456,-0.2943014898379615,-0.1710789498446042
16617.0,1.4229749011645805,-0.42646055537533256,-0.21300864977387904
16618.0,-0.6119958249326638,-0.02998335876321942,0.08516652562184386
16619.0,1.7022846086681238,-0.42646055537533256,-0.20406383958728558
16620.0,-0.8913055324362071,-0.2943014898379615,-0.20974757118110673
16621.0,-0.4124888910015614,-0.02998335876321942,-0.13342076968033656
16623.0,1.5227283681301316,-0.42646055537533256,-0.21570315956650535
16624.0,-0.12320383680146298,-0.2943014898379615,-0.1337708153721465
16625.0,1.81201342233023,-0.42646055537533256,-0.19120838148291172
16626.0,-0.9212315725258724,1.6880844932226042,0.29957973655776843
16627.0,-0.1331791834980181,-0.42646055537533256,-0.19244496901274202
16628.0,-0.631946518325774,0.10217570677415164,0.03192710200048308
16629.0,-0.1930312636773488,-0.2943014898379615,-0.18212042546358503
16633.0,-0.7516506786844355,0.2343347723115227,0.1155350944721314
16634.0,1.293295394109364,-0.2943014898379615,-0.20506345460410366
16637.0,-0.6020204782361087,-0.02998335876321942,-0.0959971562167663
16638.0,-0.7017739452016598,0.7629710344610069,-0.029099936084030803
16639.0,-0.6119958249326638,-0.16214242430059048,-0.090509498326605
16641.0,0.12617983061241497,-0.42646055537533256,-0.20347561847630602
16642.0,-0.8813301857396519,-0.2943014898379615,-0.14847514024047867
16643.0,1.5227283681301316,-0.42646055537533256,-0.1726319016938366
16644.0,0.8444047927643835,-0.2943014898379615,-0.13097887018076895
16647.0,0.7646020191919426,-0.2943014898379615,-0.20552537056855388
16648.0,-0.5022670112705575,-0.42646055537533256,-0.1963111094026978
16650.0,-0.21298195707045905,-0.42646055537533256,-0.1689137187612438
16652.0,-0.3426614641256756,0.2343347723115227,0.5723832152811368
16653.0,-0.7616260253809906,-0.2943014898379615,-0.08718947733211901
16654.0,0.48529231168839926,-0.02998335876321942,-0.15894764124699867
16655.0,-0.7516506786844355,0.2343347723115227,0.22456891439321838
16656.0,-0.7017739452016598,1.423766362147862,0.8039462593034332
16657.0,-0.8314534522568764,-0.02998335876321942,-0.12608905665084663
16658.0,2.749696011806411,-0.42646055537533256,-0.2164501642902647
16659.0,0.9641089531230449,-0.42646055537533256,-0.2265690108865025
16660.0,-0.7616260253809906,-0.16214242430059048,-0.13378525024603558
16665.0,2.6898439316270806,-0.42646055537533256,-0.214987430402839
16666.0,-0.7316999852913252,-0.42646055537533256,-0.21696260231332667
16667.0,-0.2429079971601244,-0.2943014898379615,-0.16304834833765183
16668.0,-0.7716013720775456,0.2343347723115227,-0.19437924211387733
16669.0,-0.6917985985051047,-0.2943014898379615,-0.06954645272120373
16670.0,-0.7616260253809906,0.895130099998378,0.2561548242748174
16671.0,-0.6419218650223292,-0.16214242430059048,-0.027710579472207862
16672.0,-0.9012808791327622,2.0845616898347172,0.7472821618518907
16674.0,-0.38256285091189607,-0.2943014898379615,-0.1946775628409181
16676.0,-0.5920451315395535,-0.02998335876321942,-0.041802625106412035
16678.0,-0.9012808791327622,1.027289165535749,0.13813649826394206
16679.0,2.729745318413301,-0.42646055537533256,-0.21566707238178268
16680.0,-0.49229166457400236,-0.42646055537533256,-0.20917739366248847
16681.0,-0.2030066103739039,0.2343347723115227,-0.018319491101210693
16682.0,-0.8813301857396519,0.10217570677415164,-0.10761602679130987
16684.0,-0.8813301857396519,3.1418342141336857,7.698297044828431
16685.0,-0.31273542403601023,-0.2943014898379615,-0.19227175052607318
16686.0,-0.4523902777877819,0.3664938378488937,0.12422970017798099
16688.0,-0.9112562258293173,-0.02998335876321942,-0.07960515400957038
16689.0,-0.17308057028423857,-0.2943014898379615,-0.18855958212426743
16690.0,-0.2030066103739039,-0.2943014898379615,-0.2061785486120343
16692.0,1.632457181792238,-0.2943014898379615,-0.09582754644856972
16693.0,-0.2429079971601244,-0.2943014898379615,-0.1737927061357493
16696.0,0.42544023150906857,-0.02998335876321942,-0.15213558367751526
16697.0,1.482826981343911,-0.42646055537533256,-0.21771201284940087
16698.0,1.3331967808955842,-0.2943014898379615,0.009065870478669127
16700.0,-0.8414287989534315,1.15944823107312,0.37785284022124815
16701.0,-0.8414287989534315,1.15944823107312,0.40827433694246223
16705.0,-0.9212315725258724,2.0845616898347172,1.4553307697031144
16706.0,-0.552143744753333,-0.16214242430059048,-0.1673583610996965
16708.0,-0.47234097118089213,-0.42646055537533256,-0.15228835275950792
16709.0,-0.0833024500152425,0.10217570677415164,0.13319014814462088
16710.0,-0.7316999852913252,0.7629710344610069,0.06560125697136748
16711.0,-0.8913055324362071,0.10217570677415164,-0.0326713644654181
16712.0,-0.8314534522568764,0.895130099998378,0.20221170055136445
16713.0,-0.7416753319878803,1.423766362147862,0.5933390434495935
16714.0,2.2409533302821,-0.2943014898379615,-0.12733647033609372
16715.0,-0.14315453019457322,-0.42646055537533256,-0.19498069519258857
16716.0,1.732210648757789,-0.2943014898379615,-0.1228688768674267
16717.0,-0.6917985985051047,0.10217570677415164,0.16480733358631294
16718.0,2.7596713585029664,-0.42646055537533256,-0.15837265210375073
16719.0,-0.7815767187741008,0.3664938378488937,-0.01986763132581339
16720.0,-0.6618725584154393,-0.42646055537533256,-0.21287633009656257
16721.0,1.6923092619715685,-0.42646055537533256,-0.19609338338820434
16722.0,-0.7516506786844355,1.15944823107312,0.3377972680852375
16723.0,-0.013475023139356673,-0.2943014898379615,-0.16193926886050836
16725.0,2.091323129833773,0.2343347723115227,-0.1409521651319586
16726.0,-0.6618725584154393,0.10217570677415164,-0.06783110854071929
16727.0,2.7097946250201908,-0.42646055537533256,-0.20044188914728656
16728.0,-0.462365624484337,-0.02998335876321942,-0.10517653310405711
16729.0,-0.542168398056778,2.2167207553720885,0.6338024007729703
16730.0,-0.4025135443050063,-0.16214242430059048,-0.14673573793684583
16732.0,-0.6119958249326638,-0.42646055537533256,-0.1586493205199579
16734.0,-0.4025135443050063,-0.16214242430059048,-0.15347562113688387
16735.0,-0.14315453019457322,0.10217570677415164,0.03668579875924634
16737.0,-0.39253819760845116,-0.42646055537533256,-0.18104141864037704
16738.0,2.041446396350998,-0.42646055537533256,-0.23082368996530572
16739.0,0.8344294460678284,-0.42646055537533256,-0.19242091088959357
16743.0,-0.631946518325774,0.3664938378488937,0.031335272171031214
16744.0,-0.8115027588637661,0.3664938378488937,-0.07587013039077362
16745.0,-0.06335175662213227,1.6880844932226042,0.6324960446860095
16746.0,-0.8813301857396519,1.8202435587599752,0.5722797653515983
16747.0,-0.552143744753333,-0.2943014898379615,-0.1307046075768766
16748.0,-0.7516506786844355,0.10217570677415164,-0.04892623537066784
16750.0,-0.4823163178774472,0.10217570677415164,-0.15622185589427937
16751.0,-0.6219711716292189,-0.42646055537533256,-0.018995524361682104
16752.0,2.7895973985926314,-0.42646055537533256,-0.20631447700782302
16753.0,-0.3426614641256756,-0.42646055537533256,-0.20433930509733533
16754.0,2.7895973985926314,-0.42646055537533256,0.009595149187935022
16755.0,0.21595795088141106,-0.16214242430059048,-0.05449809669184871
16756.0,1.213492620536923,-0.42646055537533256,-0.20247720636564537
16757.0,2.2509286769786554,-0.42646055537533256,-0.21842413329459498
16758.0,-0.2728340372497898,-0.42646055537533256,-0.18684664375609789
16759.0,-0.8514041456499867,-0.16214242430059048,-0.1362704543672704
16761.0,0.03640171034341892,-0.42646055537533256,-0.19318836501802908
16762.0,-0.7316999852913252,-0.16214242430059048,-0.08605513682566962
16763.0,1.053887073392041,-0.42646055537533256,-0.15971389246927678
16764.0,-0.8913055324362071,1.15944823107312,0.10172212306644925
16765.0,2.0115203562613324,-0.42646055537533256,-0.22718489883910278
16766.0,1.802038075633675,-0.2943014898379615,-0.0934698503800217
16767.0,-0.6219711716292189,0.895130099998378,0.4394127657335002
16768.0,-0.4523902777877819,-0.16214242430059048,-0.1760265028700828
16769.0,1.6723585685784583,-0.42646055537533256,-0.1877849105588874
16770.0,-0.3526368108222307,0.10217570677415164,-0.14323407811258904
16771.0,-0.5920451315395535,0.10217570677415164,0.03704667060647308
16773.0,-0.3526368108222307,-0.42646055537533256,-0.2106341130191271
16774.0,-0.2528833438566795,-0.02998335876321942,-0.15170013164852833
16775.0,-0.8214781055603213,0.895130099998378,-0.027802000340171967
16776.0,-0.3227107707325653,-0.42646055537533256,-0.18658200440146494
16777.0,-0.12320383680146298,-0.2943014898379615,-0.20449568289780024
16778.0,-0.18305591698079368,-0.2943014898379615,-0.20169050573869107
16779.0,-0.9012808791327622,2.3488798209094592,1.032815996439261
16780.0,0.0763030971296394,-0.2943014898379615,-0.18048327018333304
16781.0,2.7895973985926314,-0.42646055537533256,-0.19563267032991155
16782.0,-0.8214781055603213,1.15944823107312,0.04133984268231385
16784.0,-0.7316999852913252,-0.42646055537533256,-0.21833150952047345
16788.0,0.30573607115040713,-0.2943014898379615,-0.15997372019928002
16789.0,-0.8414287989534315,-0.42646055537533256,-0.22155529802236565
16790.0,-0.8913055324362071,0.2343347723115227,-0.0453511982708083
16791.0,-0.631946518325774,0.3664938378488937,-0.029483663148248573
16792.0,1.891816195902671,-0.2943014898379615,-0.21799710160871
16793.0,-0.3526368108222307,-0.42646055537533256,-0.2019431160317498
16794.0,-0.9112562258293173,0.7629710344610069,-0.08911773590246722
16795.0,2.7197699717167456,-0.42646055537533256,-0.18136860911519598
16796.0,-0.03342571653246691,-0.42646055537533256,-0.1945115617911938
16800.0,-0.8115027588637661,-0.42646055537533256,-0.09141889538161638
16801.0,0.7047499390126118,-0.16214242430059048,-0.12995038541617276
16803.0,-0.2728340372497898,-0.42646055537533256,-0.19130220816319068
16804.0,-0.6917985985051047,-0.16214242430059048,-0.16667992202691026
16805.0,0.804503405978163,-0.2943014898379615,-0.1758701250696179
16806.0,0.10622913721930474,-0.02998335876321942,-0.14271562555873993
16807.0,0.49526765838495435,-0.16214242430059048,-0.09635802806399303
16808.0,0.06632775043308428,-0.2943014898379615,-0.19658056038196045
16809.0,-0.6917985985051047,0.10217570677415164,-0.12124615646106379
16810.0,0.9940349932127103,-0.42646055537533256,-0.1940400225774842
16811.0,-0.8813301857396519,-0.2943014898379615,-0.16546739262022842
16812.0,2.6698932382339704,-0.42646055537533256,-0.17361347311829334
16813.0,-0.8414287989534315,0.7629710344610069,-0.03253303025731451
16814.0,-0.7815767187741008,2.2167207553720885,0.5394031371630851
16816.0,0.10622913721930474,-0.02998335876321942,-0.18110637557287787
16817.0,-0.9012808791327622,0.6308119689236359,-0.049281092687107474
16818.0,-0.8214781055603213,0.895130099998378,0.17164705799741709
16820.0,0.0264263636468638,-0.42646055537533256,-0.17141696647483995
16823.0,1.3431721275921393,-0.42646055537533256,-0.1881650289046329
16824.0,-0.7716013720775456,-0.2943014898379615,-0.17586411053883078
16825.0,-0.542168398056778,-0.2943014898379615,-0.13802790026326459
16826.0,-0.4124888910015614,-0.42646055537533256,-0.19017147637521356
16828.0,0.1960072574883008,-0.42646055537533256,-0.21762179488759417
16829.0,0.634922512136726,-0.42646055537533256,-0.20755106453765332
16830.0,-0.542168398056778,-0.42646055537533256,-0.19207086519778363
16832.0,0.9142322196402694,-0.16214242430059048,-0.20731890364927077
16833.0,-0.9112562258293173,-0.02998335876321942,-0.09816960473707126
16834.0,1.3431721275921393,-0.42646055537533256,-0.18153942178954996
16835.0,0.35561280463318273,-0.2943014898379615,-0.2095202219173539
16836.0,-0.5321930513602229,-0.2943014898379615,-0.20097718238733953
16837.0,-0.6119958249326638,0.895130099998378,0.1501643569320093
16838.0,1.0439117266954858,-0.2943014898379615,-0.16044165069451735
16839.0,-0.8414287989534315,3.934788607357912,1.7406059794666386
16841.0,-0.5621190914498881,0.2343347723115227,-0.017804647265833883
16842.0,0.0763030971296394,-0.16214242430059048,-0.07920458625914868
16843.0,-0.5022670112705575,1.555925427685233,0.995276903984578
16846.0,-0.42246423769811653,-0.42646055537533256,-0.20549409500846091
16847.0,-0.49229166457400236,-0.42646055537533256,-0.208005763065159
16848.0,-0.4025135443050063,-0.42646055537533256,-0.19742259469215617
16849.0,0.9341829130333795,-0.42646055537533256,-0.21629017777132753
16850.0,2.400558877426982,-0.42646055537533256,-0.191288976195459
16851.0,-0.8813301857396519,-0.16214242430059048,-0.19008125841340687
16852.0,-0.8214781055603213,-0.2943014898379615,-0.21384346664713022
16855.0,-0.6917985985051047,-0.2943014898379615,-0.19177134156458542
16856.0,-0.7815767187741008,-0.42646055537533256,-0.2270164919770636
16858.0,2.749696011806411,-0.42646055537533256,-0.1860827983461346
16859.0,0.5152183517780646,-0.2943014898379615,-0.15786382279916103
16861.0,-0.33268611742912046,-0.2943014898379615,-0.21037308238296643
16863.0,-0.6119958249326638,-0.2943014898379615,-0.17079265817913766
16866.0,0.4753169649918441,-0.16214242430059048,-0.20628560726004488
16869.0,-0.7017739452016598,-0.02998335876321942,-0.13298291183903477
16871.0,-0.7017739452016598,0.2343347723115227,0.1029454786285479
16872.0,-0.15312987689112834,-0.16214242430059048,-0.14947475525729675
16873.0,-0.8813301857396519,0.2343347723115227,0.625629856339442
16875.0,-0.2528833438566795,0.10217570677415164,0.020797814232010443
16877.0,-0.801527412167211,0.2343347723115227,-0.1294343386746385
16880.0,-0.6219711716292189,0.3664938378488937,-0.05186974673788062
16881.0,-0.26285869055323463,-0.42646055537533256,-0.1793092337736887
16882.0,-0.26285869055323463,-0.16214242430059048,-0.14645546080216637
16883.0,0.9441582597299347,-0.2943014898379615,-0.19849799279689184
16884.0,-0.552143744753333,-0.2943014898379615,-0.17956906150369198
16885.0,-0.7716013720775456,-0.16214242430059048,-0.17709468353787394
16887.0,-0.5720944381464433,-0.42646055537533256,-0.2081392856486329
16889.0,1.0139856866058206,-0.16214242430059048,-0.04137559342052704
16891.0,-0.9112562258293173,0.10217570677415164,-0.14196741792882317
16892.0,-0.9112562258293173,0.10217570677415164,-0.16894138560286448
16893.0,2.729745318413301,-0.42646055537533256,-0.21372077021907313
16895.0,-0.28280938394634486,-0.42646055537533256,-0.20694359692815498
16897.0,2.2010519434958797,-0.42646055537533256,-0.2056492699027684
16898.0,-0.6618725584154393,-0.16214242430059048,-0.17100557256900145
16899.0,-0.8514041456499867,0.2343347723115227,-0.07837818972899947
16900.0,-0.7616260253809906,-0.16214242430059048,-0.12515921019115908
16902.0,0.2359086442745213,-0.42646055537533256,-0.025953133576213625
16903.0,-0.631946518325774,-0.42646055537533256,-0.18758522813675527
16904.0,-0.8813301857396519,1.423766362147862,0.20597559391793932
16905.0,-0.8713548390430969,0.3664938378488937,0.1320810686674774
16906.0,-0.11322849010490786,-0.02998335876321942,-0.1639613541111355
16907.0,-0.631946518325774,0.10217570677415164,-0.1195536674975704
16909.0,-0.2030066103739039,-0.42646055537533256,-0.18747215495795755
16910.0,-0.8813301857396519,0.4986529033862648,-0.04976105224391904
16912.0,-0.6419218650223292,0.895130099998378,0.07332271159586233
16913.0,1.9716189694751118,-0.42646055537533256,-0.2176290123245387
16914.0,-0.5621190914498881,-0.42646055537533256,-0.20917017622554396
16915.0,-0.8314534522568764,0.2343347723115227,-0.15649250977969942
16916.0,-0.6917985985051047,-0.2943014898379615,-0.16362213457474234
16917.0,1.8319641157233402,-0.42646055537533256,-0.18417859789893484
16918.0,-0.43243958439467167,0.2343347723115227,-0.10552056426507993
16919.0,0.634922512136726,0.895130099998378,0.08054856888349904
16921.0,-0.31273542403601023,-0.42646055537533256,-0.21272837263919958
16923.0,-0.801527412167211,1.8202435587599752,0.6018977207596543
16924.0,-0.711749291898215,-0.16214242430059048,-0.13938598131499455
16926.0,2.7796220518960766,-0.42646055537533256,-0.20357786549968693
16927.0,0.22593329757796618,-0.16214242430059048,-0.16595096089551226
16928.0,-0.12320383680146298,1.6880844932226042,0.10620054269053308
16929.0,-0.8913055324362071,0.3664938378488937,-0.07545151904799059
16930.0,-0.6618725584154393,-0.16214242430059048,-0.1856978683757594
16931.0,-0.8713548390430969,2.2167207553720885,0.3166333371515467
16932.0,-0.39253819760845116,-0.42646055537533256,-0.21320352057138148
16933.0,-0.9112562258293173,-0.2943014898379615,-0.16411893481775783
16934.0,-0.38256285091189607,-0.2943014898379615,-0.1192806077998355
16936.0,-0.6718479051119944,-0.42646055537533256,-0.19977066751144484
16938.0,-0.8414287989534315,-0.02998335876321942,-0.005317278445631265
16940.0,-0.4025135443050063,-0.16214242430059048,0.13559716336562327
16942.0,-0.801527412167211,0.6308119689236359,-0.005307655196371894
16943.0,1.1835665804472575,-0.16214242430059048,-0.13302982517917425
16945.0,-0.711749291898215,1.9524026242973462,0.29144809093359253
16947.0,1.4229749011645805,-0.42646055537533256,-0.18237905028743084
16948.0,0.4553662715987339,-0.16214242430059048,-0.17894595611414713
16949.0,-0.8913055324362071,0.2343347723115227,-0.0765485694635599
16950.0,-0.36261215751878584,-0.16214242430059048,-0.08950507168515726
16951.0,0.43541557820562365,-0.2943014898379615,-0.07937780474581753
16952.0,0.16608121739863546,-0.2943014898379615,-0.21111286966978124
16953.0,-0.6219711716292189,-0.42646055537533256,-0.22877273496690043
16954.0,-0.9212315725258724,0.6308119689236359,0.019540777297503933
16955.0,0.9142322196402694,-0.02998335876321942,-0.17189091150086436
16956.0,-0.7516506786844355,-0.42646055537533256,-0.194136255070078
16957.0,1.4628762879508008,-0.2943014898379615,-0.1811568976314896
16959.0,-0.05337640992557715,-0.42646055537533256,-0.21715867601698655
16960.0,-0.542168398056778,-0.16214242430059048,-0.17051598976293048
16961.0,0.2359086442745213,-0.42646055537533256,-0.2031063262859773
16963.0,0.9441582597299347,-0.42646055537533256,-0.2179766522040338
16965.0,1.3331967808955842,-0.42646055537533256,-0.2081705612087259
16966.0,-0.8414287989534315,0.3664938378488937,0.027947888431729517
16967.0,0.9641089531230449,-0.42646055537533256,-0.1928996675402477
16968.0,-0.8813301857396519,-0.2943014898379615,-0.1784154744987238
16969.0,-0.5321930513602229,-0.16214242430059048,-0.15303656038942468
16971.0,-0.542168398056778,-0.42646055537533256,-0.18830576892505133
16976.0,1.7421859954543442,-0.42646055537533256,-0.20101928410284933
16978.0,-0.15312987689112834,-0.42646055537533256,-0.18985511205581146
16979.0,-0.8913055324362071,0.2343347723115227,-0.013663041365828332
16980.0,1.6224818350956827,-0.2943014898379615,-0.10756069310806843
16982.0,-0.3227107707325653,-0.42646055537533256,-0.18507596589237202
16983.0,-0.801527412167211,0.3664938378488937,-0.002016503949664045
16984.0,-0.04340106322902203,-0.2943014898379615,0.3000633048330522
16985.0,-0.7516506786844355,0.7629710344610069,0.4260075795151842
16986.0,-0.631946518325774,-0.2943014898379615,-0.005946398365963216
16987.0,-0.8913055324362071,0.3664938378488937,-0.0367889122422752
16988.0,-0.8713548390430969,-0.42646055537533256,-0.216103727316927
16989.0,-0.8514041456499867,0.2343347723115227,-0.09495543948443844
16990.0,1.2533940073231433,-0.42646055537533256,-0.20974275955647706
16992.0,-0.8214781055603213,0.10217570677415164,-0.03708843587547339
16996.0,-0.6219711716292189,0.2343347723115227,-0.05601616426251585
16997.0,1.9516682760820017,-0.16214242430059048,-0.1468307675232822
16998.0,0.5650950852608402,-0.16214242430059048,-0.1966912277484433
16999.0,-0.6917985985051047,-0.2943014898379615,-0.17295548345018327
17001.0,-0.9212315725258724,0.895130099998378,0.24863305207245476
17002.0,-0.07332710331868739,-0.16214242430059048,-0.05159307832167345
17004.0,-0.462365624484337,-0.2943014898379615,-0.07343665123430797
17006.0,-0.8813301857396519,-0.02998335876321942,-0.13723398219936578
17007.0,-0.42246423769811653,0.2343347723115227,-0.12422455210684182
17010.0,-0.7416753319878803,-0.42646055537533256,-0.20777480508293392
17011.0,-0.6219711716292189,-0.42646055537533256,-0.19868805196976463
17014.0,-0.8414287989534315,-0.16214242430059048,-0.16109362583184034
17015.0,-0.6419218650223292,-0.16214242430059048,-0.010107250764487536
17017.0,-0.9012808791327622,2.0845616898347172,0.8098116297270253
17018.0,-0.5222177046636677,-0.2943014898379615,-0.12059538422989825
17019.0,-0.8115027588637661,-0.02998335876321942,-0.07993956192133382
17022.0,-0.6119958249326638,-0.42646055537533256,-0.22273414605663966
17024.0,-0.47234097118089213,-0.16214242430059048,-0.21974492425544484
17025.0,-0.3227107707325653,-0.16214242430059048,-0.18823840618023566
17026.0,0.9242075663368244,-0.2943014898379615,-0.21265018373896716
17027.0,-0.14315453019457322,0.2343347723115227,-0.1307286657000251
17029.0,0.17605656409519058,-0.2943014898379615,-0.14514669890289073
17030.0,-0.2927847306429,-0.42646055537533256,-0.2136076970402754
17031.0,-0.8115027588637661,-0.2943014898379615,-0.18552224407677573
17033.0,-0.06335175662213227,-0.16214242430059048,-0.10735860487362145
17034.0,-0.7616260253809906,-0.16214242430059048,-0.14159571992617961
17035.0,1.5227283681301316,-0.2943014898379615,-0.18336543333651725
17037.0,-0.05337640992557715,-0.42646055537533256,-0.07882807663187547
17038.0,-0.6219711716292189,-0.42646055537533256,-0.21775411456491064
17040.0,0.4453909249021788,-0.42646055537533256,-0.1771764811565787
17041.0,-0.6618725584154393,-0.16214242430059048,-0.10428517964140706
17042.0,-0.9012808791327622,0.10217570677415164,-0.1065839333082414
17043.0,-0.6020204782361087,-0.02998335876321942,-0.02254890915070806
17044.0,-0.6718479051119944,-0.42646055537533256,-0.11718153655513329
17045.0,0.20598260418485592,-0.16214242430059048,-0.19044333316679102
17046.0,0.6448978588332811,-0.42646055537533256,-0.15404579865550214
17047.0,-0.07332710331868739,-0.16214242430059048,-0.09884684090370009
17048.0,0.2458839909710764,-0.16214242430059048,-0.12476946859615419
17049.0,-0.9012808791327622,0.6308119689236359,0.4420796086845058
17050.0,0.03640171034341892,0.2343347723115227,0.1519278173587906
17051.0,1.0139856866058206,-0.42646055537533256,-0.2022979733481894
17052.0,-0.6419218650223292,-0.42646055537533256,-0.18326799793776605
17053.0,0.37556349802629296,-0.42646055537533256,-0.17131231363914418
17054.0,-0.6419218650223292,0.10217570677415164,-0.06812100892465812
17058.0,-0.11322849010490786,-0.16214242430059048,-0.08934508516622006
17059.0,-0.631946518325774,0.10217570677415164,0.13926723005191918
17060.0,1.732210648757789,-0.42646055537533256,-0.20309790594287536
17061.0,-0.1930312636773488,0.895130099998378,0.38414764814303987
17062.0,2.2010519434958797,-0.02998335876321942,-0.1677264503838678
17063.0,-0.711749291898215,0.3664938378488937,-0.058520614882269416
17064.0,-0.3426614641256756,-0.16214242430059048,-0.12837217253763447
17068.0,-0.801527412167211,2.2167207553720885,0.31305108261474257
17069.0,-0.6419218650223292,0.6308119689236359,0.09259086242545535
17070.0,0.21595795088141106,-0.42646055537533256,-0.1946775628409181
17071.0,-0.6419218650223292,0.6308119689236359,0.06091473458204961
17073.0,-0.7516506786844355,-0.02998335876321942,-0.05747408652531189
17075.0,-0.7516506786844355,-0.02998335876321942,-0.13273030154597606
17076.0,-0.5621190914498881,-0.16214242430059048,-0.13010074868585056
17078.0,-0.5621190914498881,-0.2943014898379615,-0.18606234894145843
17079.0,-0.14315453019457322,-0.42646055537533256,-0.2169842546241603
17080.0,-0.7017739452016598,-0.2943014898379615,-0.19667679287455422
17081.0,-0.6718479051119944,-0.2943014898379615,-0.19652161798024673
17082.0,-0.5920451315395535,-0.2943014898379615,0.009769570580761259
17083.0,0.16608121739863546,-0.16214242430059048,-0.06217263797620403
17084.0,-0.5720944381464433,-0.2943014898379615,0.09928262937919646
17085.0,0.30573607115040713,0.10217570677415164,-0.044529613365288746
17086.0,-0.8514041456499867,0.2343347723115227,0.015330605746525311
17088.0,-0.6419218650223292,-0.02998335876321942,0.008225039074630824
17090.0,-0.8813301857396519,0.3664938378488937,0.006257084601087685
17091.0,-0.9012808791327622,0.6308119689236359,0.2291688275392019
17092.0,-0.42246423769811653,-0.02998335876321942,-0.017875618729121797
17094.0,2.2908300637648757,-0.42646055537533256,-0.19494701382018073
17095.0,-0.7017739452016598,-0.16214242430059048,-0.07199075803308616
17096.0,-0.7716013720775456,-0.02998335876321942,-0.10832213270571685
17097.0,-0.9012808791327622,0.4986529033862648,-0.11845180545737143
17100.0,-0.7416753319878803,-0.2943014898379615,-0.11438357683296865
17101.0,-0.8214781055603213,-0.02998335876321942,-0.03619587950666592
17102.0,1.6823339152750134,-0.42646055537533256,-0.22820736907291186
17105.0,0.6648485522263914,-0.2943014898379615,-0.15118769362546636
17107.0,-0.5920451315395535,0.2343347723115227,1.032676459325
17109.0,-0.631946518325774,0.2343347723115227,-0.12526386302685483
17110.0,0.7247006324057221,-0.42646055537533256,-0.21163132222363032
17111.0,-0.4523902777877819,-0.42646055537533256,-0.20341427026227749
17114.0,-0.8713548390430969,0.3664938378488937,-0.14229340549748465
17115.0,-0.8414287989534315,-0.16214242430059048,-0.13206509444092143
17117.0,1.9516682760820017,-0.42646055537533256,-0.21729701022509013
17118.0,2.2409533302821,-0.42646055537533256,-0.21238674729049162
17119.0,-0.8913055324362071,-0.2943014898379615,-0.1582692021742124
17120.0,1.40302420777147,-0.42646055537533256,-0.19429022705822807
17122.0,0.26583468436418667,-0.42646055537533256,-0.21463618180487165
17123.0,0.6847992456195017,-0.42646055537533256,-0.18973843015854147
17124.0,0.9242075663368244,-0.42646055537533256,-0.19588046899834058
17125.0,-0.42246423769811653,-0.42646055537533256,-0.20354779284575136
17126.0,0.5950211253505056,0.10217570677415164,-0.11225323002817346
17128.0,2.4105342241235372,-0.42646055537533256,-0.21237832694738967
17131.0,-0.8713548390430969,0.10217570677415164,0.06502145620348988
17133.0,-0.7716013720775456,0.3664938378488937,0.3572157821845084
17134.0,0.13615517730897012,-0.2943014898379615,-0.18157069734964293
17135.0,-0.7616260253809906,0.3664938378488937,-0.09417595629442868
17138.0,1.821988769026785,-0.42646055537533256,-0.1855042004844144
17139.0,-0.7716013720775456,1.027289165535749,1.0459433113352123
17140.0,1.5426790615232417,-0.42646055537533256,-0.1766484053534702
17142.0,1.4628762879508008,-0.42646055537533256,-0.1616265132595785
17144.0,-0.9112562258293173,-0.2943014898379615,-0.11284024823299563
17146.0,0.12617983061241497,-0.16214242430059048,-0.14108328190311767
17147.0,-0.7017739452016598,-0.02998335876321942,-0.02502569292884093
17148.0,-0.4124888910015614,-0.42646055537533256,-0.21625288768044743
17152.0,1.0139856866058206,-0.16214242430059048,-0.02804378447781388
17153.0,-0.6818232518085496,-0.42646055537533256,-0.20555905194096172
17154.0,-0.17308057028423857,-0.42646055537533256,-0.19165826838578773
17155.0,-0.7516506786844355,-0.2943014898379615,-0.20099763179201574
17157.0,-0.8514041456499867,-0.2943014898379615,-0.19290207335256254
17158.0,-0.6020204782361087,-0.16214242430059048,-0.07887017834738524
17159.0,-0.711749291898215,-0.16214242430059048,-0.04616195702091102
17160.0,-0.6119958249326638,0.2343347723115227,0.19191121512535592
17162.0,-0.6419218650223292,0.7629710344610069,-0.02492104009314516
17163.0,-0.711749291898215,-0.2943014898379615,-0.19601760030028673
17164.0,-0.6020204782361087,0.3664938378488937,0.06552427097729245
17165.0,1.911766889295781,-0.42646055537533256,-0.21218706486835948
17166.0,-0.542168398056778,-0.2943014898379615,-0.20645401412208403
17169.0,-0.3526368108222307,-0.2943014898379615,-0.13073828894928446
17171.0,1.9616436227785568,-0.42646055537533256,-0.2042202173877505
17172.0,-0.14315453019457322,-0.42646055537533256,-0.19305123371608293
17173.0,-0.8713548390430969,0.4986529033862648,0.22181185348040608
17174.0,1.2434186606265882,-0.42646055537533256,-0.22406937189137857
17175.0,-0.4823163178774472,-0.02998335876321942,-0.05761242073341546
17176.0,1.0838131134817064,-0.42646055537533256,-0.19445021357716527
17179.0,0.8543801394609386,-0.16214242430059048,-0.1456531223951656
17180.0,-0.36261215751878584,-0.02998335876321942,-0.1385042511016039
17181.0,-0.3526368108222307,-0.2943014898379615,-0.2024146552454594
17183.0,-0.8514041456499867,0.2343347723115227,0.16933627526900855
17186.0,-0.462365624484337,-0.2943014898379615,-0.21395293110745567
17187.0,1.3331967808955842,-0.42646055537533256,-0.206741508693708
17188.0,-0.8115027588637661,0.3664938378488937,0.06422272651496139
17189.0,0.13615517730897012,-0.2943014898379615,-0.1851132559832521
17190.0,-0.3426614641256756,-0.42646055537533256,-0.20123340139887053
17191.0,-0.6419218650223292,0.3664938378488937,0.020575276592887243
17193.0,-0.5720944381464433,0.3664938378488937,-0.026864936443539874
17194.0,2.6698932382339704,-0.42646055537533256,-0.2039952739363125
17197.0,-0.631946518325774,-0.42646055537533256,-0.10941918312128614
17198.0,-0.6917985985051047,-0.16214242430059048,-0.14800720974524134
17201.0,-0.39253819760845116,-0.42646055537533256,-0.196416965144551
17203.0,-0.5720944381464433,0.2343347723115227,0.19696943551731735
17204.0,0.8244540993712732,-0.02998335876321942,-0.04660943811147218
17205.0,-0.39253819760845116,-0.42646055537533256,-0.18507356008005715
17206.0,-0.39253819760845116,-0.42646055537533256,-0.20670662441514276
17211.0,-0.6618725584154393,0.4986529033862648,0.045660681599775356
17212.0,1.6025311417025725,-0.42646055537533256,-0.20398685359321056
17213.0,-0.5222177046636677,0.3664938378488937,0.10136846865616704
17214.0,-0.3227107707325653,0.2343347723115227,-0.1140972851675021
17217.0,1.4129995544680252,-0.42646055537533256,-0.21762179488759417
17218.0,-0.8813301857396519,0.7629710344610069,0.00352889343605353
17219.0,-0.6119958249326638,-0.42646055537533256,-0.21753398273810234
17220.0,-0.6818232518085496,1.291607296610491,0.15215757243485833
17221.0,-0.8514041456499867,-0.2943014898379615,-0.19103997462087258
17222.0,-0.2728340372497898,-0.42646055537533256,-0.19174126891064988
17223.0,2.1711259034062143,-0.2943014898379615,-0.18533699652853267
17226.0,2.151175210013104,-0.42646055537533256,-0.18394162538592262
17227.0,-0.7416753319878803,0.2343347723115227,-0.11828339859533227
17228.0,-0.7716013720775456,0.4986529033862648,-0.0019900400142007476
17229.0,0.03640171034341892,-0.2943014898379615,-0.1929309431003407
17230.0,1.712259955364679,0.4986529033862648,0.18687584995038548
17231.0,-0.801527412167211,0.7629710344610069,0.1408947620829118
17232.0,-0.9012808791327622,-0.2943014898379615,-0.18102096923570088
17233.0,-0.5720944381464433,-0.42646055537533256,-0.20831370704145918
17234.0,0.8942815262471591,-0.42646055537533256,-0.21324441938073382
17235.0,-0.6718479051119944,-0.2943014898379615,-0.16510772367915907
17236.0,-0.801527412167211,0.2343347723115227,-0.12107293797439497
17237.0,-0.8115027588637661,-0.2943014898379615,-0.19342052590641162
17238.0,-0.9012808791327622,1.6880844932226042,0.21609804923264936
17239.0,2.1910765967993244,-0.42646055537533256,-0.18526361925292992
17242.0,0.15610587070208035,-0.2943014898379615,-0.09474011928225981
17243.0,-0.9112562258293173,2.8775160830589437,0.793805760396362
17244.0,-0.39253819760845116,-0.42646055537533256,-0.11640927080206807
17245.0,1.1137391535713717,-0.42646055537533256,-0.210650953705331
17247.0,-0.7716013720775456,-0.42646055537533256,-0.19758258121109337
17248.0,0.27581003106074176,-0.42646055537533256,-0.19294417506807235
17250.0,-0.8913055324362071,-0.2943014898379615,-0.1853273732792733
17251.0,2.6898439316270806,-0.42646055537533256,-0.1988167629286088
17252.0,0.2359086442745213,-0.2943014898379615,-0.18930418103571195
17253.0,-0.7416753319878803,-0.42646055537533256,-0.20983177461212632
17254.0,-0.8813301857396519,-0.2943014898379615,-0.19865316769119934
17255.0,-0.5222177046636677,-0.2943014898379615,-0.19621247109778917
17256.0,0.14613052400552523,-0.2943014898379615,-0.20240503199620002
17259.0,0.5551197385642851,-0.2943014898379615,-0.16135826518647328
17262.0,-0.4025135443050063,0.10217570677415164,-0.08050733362763723
17263.0,1.1536405403575922,-0.42646055537533256,-0.22364354311165102
17265.0,0.4553662715987339,-0.2943014898379615,-0.1651137382099462
17266.0,-0.9012808791327622,-0.16214242430059048,-0.19559898895750372
17267.0,0.3456374579366276,-0.2943014898379615,-0.1931185964608986
17268.0,0.14613052400552523,-0.02998335876321942,-0.13941605396893011
17272.0,-0.5022670112705575,-0.02998335876321942,0.027185245927923714
17274.0,-0.5720944381464433,-0.42646055537533256,-0.21830504558501015
17277.0,1.3431721275921393,-0.2943014898379615,-0.10312317229333698
17278.0,1.482826981343911,-0.42646055537533256,-0.20167847667711686
17279.0,-0.3526368108222307,-0.42646055537533256,-0.208680593419473
17282.0,0.37556349802629296,-0.16214242430059048,-0.028529758565412552
17284.0,-0.3227107707325653,0.2343347723115227,-0.033693834699227196
17286.0,-0.711749291898215,-0.42646055537533256,-0.2130663892694353
17287.0,-0.6618725584154393,0.3664938378488937,-0.10508270642377816
17288.0,-0.8314534522568764,0.3664938378488937,-0.0607471941796584
17289.0,-0.6119958249326638,-0.16214242430059048,-0.11928181070599292
17290.0,-0.8913055324362071,-0.2943014898379615,-0.16956449099240933
17291.0,2.151175210013104,-0.42646055537533256,-0.16501870862350984
17293.0,-0.8414287989534315,0.6308119689236359,-0.008248760751269823
17295.0,-0.6419218650223292,-0.16214242430059048,-0.1654758129633304
17297.0,-0.7516506786844355,-0.42646055537533256,-0.215855928648498
17298.0,0.08627844382619451,-0.2943014898379615,-0.1713195310760887
17299.0,-0.8115027588637661,-0.02998335876321942,-0.15229075857182275
17301.0,-0.711749291898215,-0.42646055537533256,-0.21163853966057486
17302.0,-0.7815767187741008,0.10217570677415164,-0.09466914781897187
17303.0,2.6798685849305253,-0.42646055537533256,-0.20119731421414785
17306.0,-0.8214781055603213,1.9524026242973462,0.8069908147878695
17309.0,0.0264263636468638,-0.42646055537533256,-0.22132073132166827
17311.0,-0.14315453019457322,-0.2943014898379615,-0.06469032056368926
17312.0,0.4553662715987339,-0.16214242430059048,-0.15377153605160981
17313.0,-0.6119958249326638,-0.42646055537533256,0.048862817790833936
17314.0,-0.6818232518085496,0.4986529033862648,0.07281027357280034
17315.0,-0.9112562258293173,4.199106738432654,0.517931262253094
17317.0,-0.462365624484337,-0.16214242430059048,0.08152171996485383
17320.0,0.0763030971296394,-0.16214242430059048,-0.0868514607018833
17321.0,-0.8414287989534315,-0.2943014898379615,-0.15222459873316452
17323.0,-0.7716013720775456,0.3664938378488937,-0.12323335743312573
17324.0,-0.7516506786844355,-0.02998335876321942,-0.11261049315692793
17325.0,1.8718655025095607,-0.42646055537533256,-0.21963064817048972
17329.0,-0.7815767187741008,-0.2943014898379615,-0.16834955577341265
17330.0,-0.7017739452016598,-0.2943014898379615,-0.1875010247057357
17331.0,0.30573607115040713,-0.42646055537533256,-0.21019986389629758
17333.0,-0.07332710331868739,-0.42646055537533256,-0.17182114294373388
17334.0,2.091323129833773,-0.2943014898379615,-0.19434315492915466
17337.0,0.5850457786539505,-0.02998335876321942,0.005777125044276121
17338.0,-0.7516506786844355,0.4986529033862648,0.5487797906601931
17339.0,0.01645101695030868,-0.2943014898379615,-0.2020008555273061
17340.0,-0.631946518325774,0.895130099998378,1.251029187926483
17341.0,0.634922512136726,-0.16214242430059048,-0.14920169555956186
17343.0,2.6200165047511947,-0.42646055537533256,-0.20798170494201054
17344.0,-0.462365624484337,-0.42646055537533256,-0.21231457292104627
17345.0,-0.7716013720775456,-0.02998335876321942,-0.16876094967925115
17346.0,-0.8913055324362071,1.423766362147862,0.08179357675643129
17347.0,-0.06335175662213227,-0.42646055537533256,-0.20373304039399442
17348.0,-0.7815767187741008,0.10217570677415164,-0.09214665360685699
17349.0,0.8643554861574938,-0.42646055537533256,-0.21945622677766344
17350.0,-0.8414287989534315,-0.02998335876321942,-0.08073829160986233
17351.0,-0.5621190914498881,-0.16214242430059048,-0.1606461447412792
17353.0,0.3655881513297378,-0.2943014898379615,-0.02196910838283044
17354.0,-0.42246423769811653,-0.42646055537533256,-0.0637027346084454
17356.0,2.1811012501027696,-0.42646055537533256,-0.209836586236756
17357.0,-0.6818232518085496,-0.2943014898379615,-0.18503626998917705
17358.0,2.1012984765303284,-0.2943014898379615,-0.18787272270837924
17359.0,-0.8115027588637661,-0.42646055537533256,-0.21589442164553554
17360.0,-0.7516506786844355,-0.16214242430059048,-0.16292084028496506
17361.0,-0.43243958439467167,-0.16214242430059048,-0.17254890116897445
17362.0,1.4628762879508008,-0.2943014898379615,-0.19371644082113756
17364.0,-0.9212315725258724,0.895130099998378,0.305543745286269
17365.0,-0.801527412167211,0.4986529033862648,0.34158762538727566
17367.0,1.4529009412542457,-0.42646055537533256,-0.21112008710672578
17368.0,-0.6917985985051047,0.4986529033862648,-0.07300601082995073
17370.0,-0.2030066103739039,-0.02998335876321942,-0.17760351284246365
17371.0,-0.7516506786844355,-0.16214242430059048,-0.18094518614778327
17372.0,-0.5222177046636677,0.4986529033862648,-0.07042457421612212
17373.0,-0.5222177046636677,-0.02998335876321942,-0.15345637463836515
17374.0,1.2533940073231433,-0.2943014898379615,-0.17163830120780565
17375.0,1.0638624200885962,-0.16214242430059048,-0.18314650441586636
17376.0,-0.22295730376701417,-0.2943014898379615,-0.2068317266555147
17377.0,-0.6917985985051047,2.0845616898347172,0.2569030319047342
17379.0,-0.8115027588637661,-0.42646055537533256,-0.18439512100727087
17381.0,-0.8414287989534315,3.273993279671057,2.207690831675309
17382.0,-0.2728340372497898,-0.42646055537533256,-0.22340777350479624
17383.0,-0.8813301857396519,-0.42646055537533256,-0.2080117775959461
17384.0,-0.7316999852913252,-0.2943014898379615,-0.1908090166386475
17385.0,-0.7815767187741008,-0.42646055537533256,-0.20046715017659245
17386.0,-0.8514041456499867,0.2343347723115227,0.0918763361679464
17387.0,-0.7316999852913252,-0.2943014898379615,-0.14144054503187214
17388.0,-0.15312987689112834,-0.02998335876321942,-0.0797615318100353
17389.0,-0.9212315725258724,3.934788607357912,3.585243325375468
17391.0,0.7047499390126118,-0.2943014898379615,-0.1700709144846842
17392.0,2.131224516619994,-0.2943014898379615,-0.18180285823802547
17394.0,1.2633693540196984,-0.42646055537533256,-0.20675113194296738
17396.0,-0.5321930513602229,0.3664938378488937,0.6483864350255603
17397.0,-0.7017739452016598,-0.2943014898379615,-0.14930755130141504
17398.0,0.21595795088141106,-0.16214242430059048,-0.15267929726067023
17400.0,0.33566211124007245,0.10217570677415164,0.021075685554375025
17402.0,-0.8813301857396519,1.027289165535749,0.08134248694739786
17403.0,-0.5621190914498881,-0.42646055537533256,-0.19952768046764546
17404.0,-0.6718479051119944,1.027289165535749,3.5414984400546428
17405.0,-0.9112562258293173,-0.16214242430059048,-0.10720583579162879
17406.0,2.400558877426982,-0.16214242430059048,-0.003995284578623976
17408.0,0.7047499390126118,-0.42646055537533256,-0.2273472911703548
17409.0,0.9142322196402694,-0.2943014898379615,-0.13842846801368627
17410.0,-0.7616260253809906,0.10217570677415164,-0.08515536301991762
17411.0,-0.801527412167211,-0.16214242430059048,-0.13757560754807374
17412.0,-0.9012808791327622,0.3664938378488937,-0.07994196773364867
17414.0,-0.49229166457400236,-0.2943014898379615,-0.13768868072687146
17415.0,-0.1331791834980181,-0.42646055537533256,-0.17018639347579675
17416.0,-0.631946518325774,0.3664938378488937,0.5913133494804941
17418.0,-0.5022670112705575,-0.2943014898379615,-0.17552489100243762
17419.0,-0.8115027588637661,1.027289165535749,0.2753556123595948
17420.0,-0.42246423769811653,-0.16214242430059048,-0.15924115034940972
17422.0,-0.7616260253809906,0.2343347723115227,0.005689312894784279
17423.0,-0.462365624484337,-0.2943014898379615,-0.14726261083379685
17425.0,-0.7316999852913252,-0.2943014898379615,-0.13995375302129795
17426.0,-0.8414287989534315,0.2343347723115227,0.3728559680433152
17427.0,-0.21298195707045905,-0.42646055537533256,-0.2191494857075207
17428.0,-0.9212315725258724,3.1418342141336857,1.8433654408706102
17429.0,0.35561280463318273,-0.16214242430059048,-0.16813182975891916
17430.0,-0.6020204782361087,-0.2943014898379615,-0.19930634573467976
17431.0,2.2010519434958797,-0.42646055537533256,-0.18276157444549118
17432.0,-0.7416753319878803,-0.2943014898379615,-0.1872772841604551
17433.0,-0.04340106322902203,-0.42646055537533256,-0.19480747670591972
17434.0,-0.9012808791327622,0.3664938378488937,0.051272238824151106
17436.0,-0.9112562258293173,-0.2943014898379615,-0.20525591958929126
17438.0,1.6025311417025725,-0.42646055537533256,-0.18454789008926353
17440.0,0.634922512136726,-0.16214242430059048,-0.20885020318766956
17442.0,-0.5621190914498881,0.2343347723115227,0.039205887159046375
17443.0,1.2633693540196984,-0.42646055537533256,-0.16701072122020144
17444.0,0.5850457786539505,-0.2943014898379615,0.056111530295461676
17446.0,0.8344294460678284,-0.2943014898379615,-0.21673164433110156
17447.0,-0.5222177046636677,-0.2943014898379615,-0.16613380263144048
17449.0,-0.9012808791327622,0.3664938378488937,0.0694770206105827
17450.0,-0.8414287989534315,5.388538328268994,22.576731753292115
17451.0,-0.9112562258293173,0.3664938378488937,-0.029872201837096032
17453.0,-0.7516506786844355,-0.2943014898379615,-0.172726931280273
17454.0,0.9940349932127103,-0.02998335876321942,-0.1690207774092544
17455.0,1.1037638068748166,-0.42646055537533256,-0.2154325056810853
17456.0,2.7197699717167456,-0.42646055537533256,-0.20121896652498147
17457.0,0.33566211124007245,0.10217570677415164,-0.022245776799037602
17458.0,-0.7716013720775456,-0.42646055537533256,-0.19320279989191816
17459.0,-0.49229166457400236,-0.2943014898379615,-0.1522077580469606
17460.0,1.3232214341990292,0.10217570677415164,-0.17563074674429083
17461.0,-0.7017739452016598,-0.16214242430059048,-0.1427625388988794
17462.0,-0.3227107707325653,-0.2943014898379615,-0.14999561362346067
17463.0,-0.7616260253809906,0.10217570677415164,-0.005626425328088858
17464.0,0.6548732055298363,-0.42646055537533256,-0.1963953128337174
17466.0,-0.8214781055603213,-0.2943014898379615,-0.13945935859059733
17468.0,-0.8214781055603213,-0.2943014898379615,-0.2147949654176514
17469.0,-0.7616260253809906,0.10217570677415164,-0.0077976709422364
17470.0,-0.4823163178774472,0.10217570677415164,-0.09593941672121002
17472.0,0.9840596465161552,-0.16214242430059048,-0.1473672636694926
17475.0,-0.1331791834980181,-0.42646055537533256,-0.20789389279251871
17480.0,-0.15312987689112834,-0.42646055537533256,-0.16970763682514262
17481.0,-0.8913055324362071,-0.02998335876321942,-0.08023908555453202
17483.0,-0.2728340372497898,-0.16214242430059048,-0.18146965323241945
17486.0,1.6823339152750134,-0.42646055537533256,-0.1835350431047138
17489.0,-0.3426614641256756,-0.2943014898379615,-0.18596852226117946
17490.0,-0.9212315725258724,0.3664938378488937,0.017972187668225045
17491.0,-0.9112562258293173,0.7629710344610069,0.19682388387226923
17492.0,1.5526544082197968,-0.42646055537533256,-0.18621752383576592
17495.0,-0.8514041456499867,-0.2943014898379615,-0.17142298100562706
17496.0,2.64994254484086,-0.42646055537533256,-0.19867000837740328
17498.0,-0.17308057028423857,-0.42646055537533256,-0.19852926835698484
17499.0,1.9616436227785568,-0.42646055537533256,-0.15634816104080873
17500.0,-0.7516506786844355,-0.16214242430059048,-0.09438405905966277
17501.0,1.2733447007162535,-0.2943014898379615,-0.19655890807112683
17502.0,-0.8314534522568764,-0.02998335876321942,-0.14838251646635714
17503.0,-0.9012808791327622,-0.2943014898379615,-0.1640371371990531
17504.0,1.133689846964482,0.4986529033862648,0.09895664181053503
17505.0,0.6847992456195017,-0.2943014898379615,-0.09344098063224356
17506.0,-0.17308057028423857,-0.42646055537533256,-0.19492295569703227
17507.0,1.6823339152750134,-0.2943014898379615,-0.15842918869314956
17508.0,1.8718655025095607,-0.42646055537533256,-0.1846850213912097
17509.0,-0.3526368108222307,0.4986529033862648,0.5005300217798208
17510.0,-0.6818232518085496,-0.42646055537533256,-0.19416753063017098
17511.0,-0.9012808791327622,3.4061523452084277,10.421226698330015
17512.0,-0.6419218650223292,0.7629710344610069,0.12057406836557408
17513.0,-0.2030066103739039,-0.42646055537533256,-0.1695416357754183
17514.0,0.35561280463318273,-0.42646055537533256,-0.20617614279971944
17515.0,-0.6119958249326638,-0.02998335876321942,-0.15440667050272885
17516.0,-0.7716013720775456,0.10217570677415164,-0.13926689360540975
17517.0,2.151175210013104,-0.42646055537533256,-0.21275724238697774
17519.0,-0.7516506786844355,0.2343347723115227,-0.009456478533321972
17520.0,-0.39253819760845116,-0.42646055537533256,-0.1654986681803214
17521.0,-0.631946518325774,-0.16214242430059048,-0.14427940356338914
17522.0,-0.9112562258293173,0.10217570677415164,-0.10302693980074315
17523.0,-0.8115027588637661,-0.02998335876321942,-0.15275628325474525
17524.0,2.6798685849305253,-0.42646055537533256,-0.2138326404917134
17525.0,2.659917891537415,-0.42646055537533256,-0.1804279365000916
17526.0,-0.8813301857396519,-0.02998335876321942,-0.12083596546138274
17527.0,-0.39253819760845116,-0.02998335876321942,-0.12315637143905067
17528.0,-0.9112562258293173,0.4986529033862648,0.20519971944640186
17530.0,-0.9112562258293173,0.7629710344610069,0.052915408635190224
17531.0,0.9740842998196001,-0.42646055537533256,-0.19558455408361464
17534.0,-0.39253819760845116,-0.42646055537533256,-0.204406667842151
17535.0,1.8718655025095607,-0.42646055537533256,-0.21149900254631385
17536.0,0.8444047927643835,-0.42646055537533256,-0.2220725476700573
17537.0,-0.631946518325774,-0.2943014898379615,-0.12449640889841929
17538.0,-0.6718479051119944,-0.42646055537533256,-0.21943577737298725
17540.0,-0.6818232518085496,-0.2943014898379615,-0.16163854232115274
17542.0,1.7621366888474543,-0.42646055537533256,-0.21073515713635058
17545.0,-0.49229166457400236,-0.16214242430059048,-0.15400971147077946
17549.0,-0.6917985985051047,-0.2943014898379615,-0.21336831871494835
17550.0,1.0439117266954858,-0.16214242430059048,-0.19913793887264059
17551.0,2.659917891537415,-0.42646055537533256,-0.19634960239973534
17552.0,-0.3227107707325653,-0.02998335876321942,-0.1193551879815957
17553.0,0.3655881513297378,-0.42646055537533256,-0.052330459796173436
17554.0,-0.9112562258293173,0.10217570677415164,0.0035866329316098103
17555.0,-0.7316999852913252,-0.2943014898379615,-0.17349799412718078
17556.0,1.1237145002679267,-0.42646055537533256,-0.21228089154863844
17557.0,-0.7815767187741008,-0.16214242430059048,-0.16614222297454243
17560.0,0.01645101695030868,-0.02998335876321942,-0.1284323178455056
17561.0,-0.7316999852913252,-0.42646055537533256,-0.21141239330297942
17562.0,-0.7815767187741008,0.3664938378488937,-0.09806735771369034
17564.0,-0.6818232518085496,-0.16214242430059048,-0.17666163732120188
17566.0,-0.8414287989534315,-0.2943014898379615,-0.12664961092020552
17567.0,-0.8514041456499867,0.4986529033862648,0.2897616165008862
17569.0,2.390583530730427,-0.42646055537533256,-0.18987796727280246
17571.0,-0.42246423769811653,-0.02998335876321942,-0.059930420898768544
17572.0,-0.21298195707045905,-0.02998335876321942,-0.20399888265478477
17573.0,-0.631946518325774,-0.16214242430059048,-0.18762131532147797
17574.0,1.4928023280404663,-0.42646055537533256,-0.2089428269617911
17576.0,-0.8414287989534315,1.9524026242973462,0.18225789321204064
17578.0,1.2533940073231433,-0.42646055537533256,-0.21626972836665134
17579.0,-0.8813301857396519,-0.16214242430059048,-0.17727632236764476
17580.0,1.5925557950060174,-0.16214242430059048,-0.20568054546286138
17581.0,-0.9212315725258724,2.6131979519842017,1.0664973688470898
17582.0,1.4329502478611356,-0.42646055537533256,-0.21019144355319563
17584.0,-0.8514041456499867,-0.2943014898379615,-0.08364210707388017
17585.0,0.16608121739863546,-0.02998335876321942,-0.09694865498728746
17588.0,0.0763030971296394,-0.16214242430059048,-0.08209035813080517
17589.0,-0.3227107707325653,-0.02998335876321942,0.05777394660501954
17590.0,-0.9012808791327622,-0.16214242430059048,-0.05483611332208442
17591.0,-0.1930312636773488,0.3664938378488937,0.03248885917599938
17593.0,-0.8913055324362071,0.10217570677415164,0.23892439647589808
17594.0,-0.07332710331868739,-0.2943014898379615,-0.11180454603145489
17595.0,-0.801527412167211,-0.2943014898379615,-0.1847596015729699
17596.0,-0.6917985985051047,0.3664938378488937,0.10634368852326637
17597.0,1.2035172738403679,-0.42646055537533256,0.01464374633063708
17600.0,-0.7516506786844355,-0.42646055537533256,-0.21182739592729016
17601.0,1.4628762879508008,-0.42646055537533256,-0.21731986544208115
17602.0,-0.9012808791327622,0.2343347723115227,0.37245419738673613
17603.0,-0.14315453019457322,-0.42646055537533256,-0.18379366792855964
17604.0,1.2434186606265882,-0.2943014898379615,-0.19406167488831783
17608.0,-0.5920451315395535,-0.2943014898379615,-0.20818018445798528
17609.0,-0.5222177046636677,0.10217570677415164,-0.09916200231694479
17611.0,-0.8514041456499867,1.423766362147862,0.2445973019143024
17612.0,-0.39253819760845116,0.2343347723115227,0.010334936474749822
17613.0,-0.7017739452016598,1.291607296610491,0.311873437486626
17614.0,-0.3526368108222307,-0.42646055537533256,-0.18480410910079453
17615.0,0.37556349802629296,-0.16214242430059048,-0.19162699282569473
17616.0,0.804503405978163,-0.16214242430059048,-0.16256478006236802
17618.0,-0.8713548390430969,-0.16214242430059048,-0.11937082576164218
17619.0,2.1910765967993244,-0.42646055537533256,-0.20548808047767378
17620.0,-0.33268611742912046,-0.42646055537533256,-0.2214783120282906
17621.0,-0.711749291898215,-0.16214242430059048,-0.06528575911161336
17623.0,-0.6020204782361087,-0.42646055537533256,-0.1678756107473882
17624.0,-0.7815767187741008,-0.2943014898379615,-0.12981205120806916
17625.0,-0.7416753319878803,-0.02998335876321942,0.011760380271295457
17628.0,-0.11322849010490786,-0.42646055537533256,-0.222162765631864
17629.0,-0.8713548390430969,0.4986529033862648,-0.016661886416282544
17630.0,0.7646020191919426,-0.2943014898379615,-0.17069642568654386
17631.0,-0.9112562258293173,-0.16214242430059048,-0.1677216387592381
17633.0,-0.6119958249326638,-0.02998335876321942,-0.07371331965051516
17634.0,-0.5621190914498881,0.6308119689236359,0.05244146360916577
17636.0,-0.7316999852913252,-0.42646055537533256,-0.19692459154298328
17637.0,-0.6119958249326638,-0.2943014898379615,-0.16546859552638582
17639.0,1.8319641157233402,-0.42646055537533256,-0.2182232479663054
17640.0,-0.06335175662213227,-0.42646055537533256,-0.15649491559201426
17642.0,0.26583468436418667,-0.2943014898379615,-0.1455929770872945
17643.0,2.7995727452891868,-0.42646055537533256,-0.21905926774571405
17644.0,-0.9112562258293173,0.895130099998378,0.11036019218289995
17646.0,1.2633693540196984,-0.16214242430059048,-0.10997492576601532
17647.0,-0.2728340372497898,-0.42646055537533256,-0.21526891044367585
17648.0,-0.3227107707325653,-0.02998335876321942,-0.015052397977651273
17649.0,0.4553662715987339,-0.42646055537533256,-0.12680358290835558
17650.0,-0.711749291898215,-0.42646055537533256,-0.21129691431186687
17651.0,-0.8115027588637661,0.7629710344610069,0.24112451183782374
17652.0,-0.6718479051119944,1.027289165535749,0.34673125211641415
17653.0,-0.5621190914498881,-0.02998335876321942,-0.08601664382863211
17654.0,1.8419394624198953,-0.42646055537533256,-0.2171346178938381
17655.0,-0.8214781055603213,0.3664938378488937,0.07808140835462554
17656.0,-0.1930312636773488,0.10217570677415164,-0.029825288496956544
17658.0,-0.6718479051119944,-0.2943014898379615,-0.1655263350219421
17659.0,-0.7516506786844355,1.027289165535749,0.12465432605155108
17660.0,0.48529231168839926,-0.42646055537533256,-0.2097728322104126
17663.0,-0.6718479051119944,0.3664938378488937,-0.01440162574648571
17664.0,-0.7416753319878803,-0.2943014898379615,-0.15854226187194728
17666.0,-0.8913055324362071,-0.2943014898379615,-0.14368396501546501
17667.0,-0.26285869055323463,0.10217570677415164,0.015983783790005743
17668.0,-0.9112562258293173,-0.2943014898379615,-0.18944371814997296
17669.0,-0.5022670112705575,0.3664938378488937,0.1785216666870865
17670.0,1.3431721275921393,-0.42646055537533256,-0.20653100011615907
17671.0,-0.7716013720775456,-0.02998335876321942,-0.07477307997520434
17672.0,-0.42246423769811653,-0.2943014898379615,0.14734835361748333
17673.0,-0.9112562258293173,0.2343347723115227,-0.03941485638392843
17674.0,-0.18305591698079368,-0.2943014898379615,-0.1649898388757317
17675.0,-0.9112562258293173,3.4061523452084277,2.198439280418573
17676.0,-0.8813301857396519,0.2343347723115227,-0.06633469328088575
17677.0,-0.9112562258293173,3.273993279671057,1.729886882697847
17678.0,1.7022846086681238,-0.42646055537533256,-0.1954149443154181
17679.0,-0.4025135443050063,-0.2943014898379615,0.008357358751947284
17680.0,-0.6917985985051047,-0.42646055537533256,-0.2090931902314689
17682.0,-0.8214781055603213,0.2343347723115227,0.06636389947517334
17684.0,-0.49229166457400236,-0.42646055537533256,-0.20247600345948794
17685.0,-0.7616260253809906,0.3664938378488937,0.14834195410351425
17686.0,-0.8514041456499867,0.3664938378488937,0.4591283976536543
17690.0,-0.6219711716292189,1.423766362147862,0.3373149027161111
17691.0,2.64994254484086,-0.2943014898379615,-0.1963423849627908
17692.0,0.3456374579366276,-0.02998335876321942,-0.14399431480408
17693.0,0.4453909249021788,-0.42646055537533256,-0.207160120036491
17694.0,0.48529231168839926,-0.42646055537533256,-0.19721810064539433
17695.0,0.38553884472284805,-0.2943014898379615,-0.1392115599221683
17696.0,-0.542168398056778,0.4986529033862648,0.04367468353387084
17697.0,1.4329502478611356,-0.42646055537533256,-0.19050227556850474
17698.0,1.6723585685784583,-0.42646055537533256,-0.21263574886507808
17700.0,-0.7616260253809906,-0.02998335876321942,0.07170600572028649
17701.0,1.5925557950060174,-0.42646055537533256,-0.18099931692486726
17702.0,-0.6219711716292189,-0.02998335876321942,-0.01380498429240419
17703.0,-0.5720944381464433,-0.16214242430059048,-0.13519385335637726
17704.0,0.7546266724953874,-0.2943014898379615,-0.12479472962546007
17705.0,-0.8913055324362071,0.6308119689236359,-0.01372679539217172
17706.0,-0.8813301857396519,1.6880844932226042,0.9865365878447465
17707.0,0.9242075663368244,-0.2943014898379615,-0.2129424899352208
17708.0,0.9441582597299347,-0.2943014898379615,-0.19959865193093343
17709.0,0.7646020191919426,-0.42646055537533256,-0.21474083464056737
17711.0,-0.8214781055603213,-0.2943014898379615,-0.18495086365200006
17712.0,-0.4823163178774472,-0.42646055537533256,-0.16837361389656108
17714.0,2.2708793703717656,-0.42646055537533256,-0.21287031556577546
17715.0,1.0738377667851513,-0.42646055537533256,-0.19201192279606993
17716.0,-0.7017739452016598,0.895130099998378,0.43643316718156466
17718.0,1.393048861074915,-0.42646055537533256,-0.21451228247065712
17719.0,-0.552143744753333,1.423766362147862,0.41601383515931833
17720.0,-0.6618725584154393,-0.02998335876321942,-0.087414420783557
17722.0,0.03640171034341892,-0.02998335876321942,0.05908752012892488
17723.0,0.3456374579366276,0.2343347723115227,0.16284539364355696
17724.0,-0.21298195707045905,-0.16214242430059048,-0.10987749036726409
17725.0,-0.7616260253809906,0.895130099998378,0.17918446797982623
17727.0,-0.7716013720775456,-0.42646055537533256,-0.10586579833226019
17728.0,-0.8913055324362071,-0.16214242430059048,0.1146822340065189
17730.0,-0.8913055324362071,1.15944823107312,0.4060826419236386
17731.0,-0.1331791834980181,-0.02998335876321942,-0.1195007396266438
17732.0,2.7895973985926314,-0.42646055537533256,-0.1947100413071685
17733.0,-0.542168398056778,-0.2943014898379615,-0.1480108184637136
17734.0,-0.39253819760845116,-0.16214242430059048,-0.14699556566684907
17735.0,-0.9012808791327622,1.9524026242973462,1.3457375984188258
17736.0,-0.8314534522568764,-0.2943014898379615,-0.19067789986748843
17737.0,-0.8314534522568764,-0.2943014898379615,-0.21103708658186363
17738.0,-0.7316999852913252,-0.02998335876321942,-0.005242698263871085
17739.0,-0.8115027588637661,0.3664938378488937,0.10449843047778029
17742.0,0.20598260418485592,-0.2943014898379615,-0.18855837921811006
17744.0,-0.8913055324362071,0.2343347723115227,0.04808814622545387
17746.0,1.472851634647356,-0.42646055537533256,-0.21801273938875648
17747.0,0.1960072574883008,-0.42646055537533256,-0.22268602981034274
17749.0,0.8543801394609386,-0.2943014898379615,-0.15013635364387912
17750.0,-0.8713548390430969,0.6308119689236359,-0.027483230208455004
17752.0,2.659917891537415,-0.42646055537533256,-0.22157454452088438
17754.0,-0.9212315725258724,0.10217570677415164,-0.031033006279008693
17757.0,-0.9112562258293173,3.4061523452084277,0.44108239948000255
17758.0,-0.7316999852913252,0.4986529033862648,0.17869969679838496
17759.0,-0.7516506786844355,-0.16214242430059048,-0.1327916497600046
17760.0,-0.711749291898215,-0.2943014898379615,-0.19668040159302652
17761.0,-0.6020204782361087,-0.42646055537533256,-0.14553403468558077
17763.0,1.7022846086681238,-0.42646055537533256,-0.22947042053820546
17764.0,-0.42246423769811653,-0.2943014898379615,-0.13834426458266672
17765.0,0.6548732055298363,-0.16214242430059048,-0.18705234070901713
17767.0,-0.7716013720775456,-0.42646055537533256,-0.19865196478504193
17768.0,-0.8414287989534315,-0.16214242430059048,0.01915825313944361
17769.0,-0.801527412167211,0.7629710344610069,0.24207240188987267
17770.0,1.053887073392041,0.10217570677415164,-0.09375012751470113
17771.0,-0.36261215751878584,-0.2943014898379615,-0.20176388301429385
17772.0,-0.8214781055603213,-0.2943014898379615,-0.2104103724738465
17774.0,0.03640171034341892,-0.02998335876321942,-0.08527445072950245
17775.0,1.6125064883991276,-0.42646055537533256,-0.22449038904647645
17777.0,-0.6818232518085496,-0.16214242430059048,-0.1533793886442901
17779.0,-0.711749291898215,-0.16214242430059048,-0.15455101924161957
17781.0,0.6648485522263914,-0.2943014898379615,-0.20865773820248198
17783.0,-0.2030066103739039,-0.2943014898379615,-0.19717599892988458
17785.0,-0.39253819760845116,-0.42646055537533256,-0.21540363593330716
17786.0,-0.07332710331868739,-0.2943014898379615,-0.1991752289635207
17787.0,0.5950211253505056,-0.02998335876321942,-0.01264177403817666
17788.0,-0.1930312636773488,-0.2943014898379615,-0.09739733898400603
17789.0,1.8818408492061158,-0.42646055537533256,-0.20410112967816568
17790.0,-0.6618725584154393,1.291607296610491,0.005012076728155419
17791.0,-0.631946518325774,-0.42646055537533256,-0.2185119454440868
17793.0,-0.6718479051119944,-0.42646055537533256,-0.19514669624231287
17795.0,0.8643554861574938,-0.2943014898379615,-0.19003554797942482
17796.0,-0.5222177046636677,-0.02998335876321942,-0.14827425491218915
17797.0,-0.7017739452016598,-0.16214242430059048,-0.1373963745306178
17799.0,-0.7017739452016598,0.7629710344610069,0.13071817599111776
17800.0,-0.552143744753333,0.6308119689236359,-0.08858484847472906
17802.0,-0.10325314340835273,-0.16214242430059048,-0.07669652692092285
17805.0,-0.1930312636773488,-0.42646055537533256,-0.16964869442342892
17806.0,-0.8115027588637661,-0.42646055537533256,-0.16559129195444294
17809.0,-0.7616260253809906,1.027289165535749,0.4117880258282932
17811.0,-0.8813301857396519,4.595583935044767,0.6902860623008995
17812.0,-0.801527412167211,-0.02998335876321942,-0.1470942039717577
17813.0,-0.7815767187741008,0.10217570677415164,-0.03190872196161227
17816.0,-0.5621190914498881,-0.02998335876321942,-0.22687695486280263
17817.0,-0.8813301857396519,-0.16214242430059048,-0.18464051386338506
17819.0,-0.21298195707045905,0.3664938378488937,0.2143863137706372
17824.0,-0.4124888910015614,-0.42646055537533256,-0.19538006003685285
17827.0,-0.8713548390430969,0.10217570677415164,0.00778236960869935
17828.0,-0.7017739452016598,-0.02998335876321942,-0.09351916953247601
17829.0,2.0514217430475528,-0.42646055537533256,-0.12430755263170397
17830.0,-0.9112562258293173,-0.16214242430059048,-0.1833149112779055
17831.0,-0.5920451315395535,-0.42646055537533256,-0.2270164919770636
17832.0,-0.43243958439467167,-0.42646055537533256,-0.21258522680646633
17835.0,-0.9012808791327622,-0.16214242430059048,-0.19010651944271276
17836.0,-0.4523902777877819,-0.42646055537533256,-0.21806326144736823
17837.0,-0.5022670112705575,0.4986529033862648,-0.04778588033343135
17838.0,-0.03342571653246691,-0.02998335876321942,0.04147216235963031
17839.0,-0.5022670112705575,-0.42646055537533256,-0.19300432037594348
17841.0,-0.9112562258293173,15.829104505721306,4.575303658585129
17843.0,2.1012984765303284,-0.42646055537533256,-0.20748971632362476
17844.0,0.13615517730897012,-0.42646055537533256,-0.22507259562666893
17848.0,-0.11322849010490786,0.6308119689236359,-0.1228688768674267
17849.0,1.2533940073231433,-0.02998335876321942,-0.1584027247576863
17850.0,2.7895973985926314,3.934788607357912,0.4102651466329964
17852.0,-0.8115027588637661,-0.2943014898379615,-0.2175207507703707
17854.0,0.9242075663368244,-0.2943014898379615,-0.19383312271840755
17855.0,2.7895973985926314,-0.42646055537533256,-0.20613764980268193
17856.0,-0.9112562258293173,-0.02998335876321942,-0.06069907793336151
17857.0,-0.8813301857396519,2.3488798209094592,2.8035419764114247
17858.0,-0.8713548390430969,1.027289165535749,0.3870983769471972
17859.0,2.1112738232268837,-0.42646055537533256,-0.21420313558819953
17860.0,2.749696011806411,-0.42646055537533256,-0.20403496983950745
17861.0,-0.8913055324362071,0.4986529033862648,0.02108049717900471
17862.0,2.3008054104614306,-0.42646055537533256,-0.19147061502522983
17863.0,-0.33268611742912046,0.2343347723115227,0.14884356597115941
17864.0,-0.801527412167211,-0.16214242430059048,-0.16453153162975373
17865.0,-0.6219711716292189,1.9524026242973462,1.0224204814268159
17866.0,0.49526765838495435,-0.42646055537533256,-0.19162097829490762
17867.0,-0.6219711716292189,0.2343347723115227,-0.1595490943257099
17869.0,0.14613052400552523,0.10217570677415164,-0.1797687439258241
17870.0,-0.9012808791327622,1.027289165535749,-0.007421161314963155
17871.0,1.1137391535713717,-0.42646055537533256,-0.21252147278012293
17873.0,-0.12320383680146298,0.10217570677415164,-0.03048808978969632
17874.0,0.9242075663368244,0.2343347723115227,-0.15209227905584805
17877.0,0.7745773658884977,-0.42646055537533256,-0.202692526567824
17878.0,-0.49229166457400236,-0.42646055537533256,-0.18563050563094374
17879.0,0.804503405978163,-0.42646055537533256,-0.20980049905203332
17880.0,2.7097946250201908,-0.42646055537533256,-0.17607101039790743
17881.0,2.1112738232268837,-0.42646055537533256,-0.21523402616511061
17883.0,-0.8913055324362071,-0.02998335876321942,-0.1513609121121352
17884.0,-0.8913055324362071,-0.02998335876321942,-0.14766438149037597
17885.0,-0.801527412167211,-0.42646055537533256,-0.21246854490919637
17886.0,-0.6119958249326638,-0.16214242430059048,-0.12670855332191922
17887.0,0.3655881513297378,-0.42646055537533256,-0.21788041971144004
17888.0,-0.542168398056778,0.2343347723115227,-0.16923730051759042
17889.0,1.1935419271438126,-0.2943014898379615,-0.207051858482323
17890.0,2.2908300637648757,-0.2943014898379615,-0.16067742030137216
17891.0,0.6947745923160568,-0.42646055537533256,-0.2067523348491248
17892.0,-0.36261215751878584,-0.16214242430059048,-0.2019118404716568
17893.0,1.3232214341990292,-0.42646055537533256,-0.2183784228606129
17894.0,-0.21298195707045905,0.4986529033862648,-0.09672491444200688
17895.0,-0.4823163178774472,-0.42646055537533256,-0.21979304050174173
17896.0,-0.6917985985051047,-0.42646055537533256,-0.20044188914728656
17897.0,0.794528059281608,-0.16214242430059048,-0.16610012125903265
17898.0,-0.07332710331868739,-0.2943014898379615,-0.21298338874457318
17899.0,0.6648485522263914,-0.42646055537533256,-0.21268386511137496
17900.0,0.9740842998196001,-0.42646055537533256,-0.22766606130207176
17901.0,-0.631946518325774,-0.42646055537533256,-0.21799710160871
17904.0,-0.711749291898215,-0.42646055537533256,-0.2094937579818906
17905.0,-0.21298195707045905,-0.02998335876321942,-0.1351637807024417
17906.0,1.5426790615232417,-0.42646055537533256,-0.22250559388672939
17908.0,2.7995727452891868,-0.42646055537533256,-0.20336374820366573
17911.0,-0.8314534522568764,-0.42646055537533256,-0.18722074757105625
17912.0,2.1711259034062143,0.10217570677415164,-0.1951743630839336
17913.0,-0.3426614641256756,-0.2943014898379615,-0.18211801965127017
17914.0,-0.8913055324362071,-0.42646055537533256,-0.1916558625734729
17917.0,-0.47234097118089213,-0.16214242430059048,-0.19097381478221434
17919.0,-0.04340106322902203,-0.42646055537533256,-0.07441100522182018
17920.0,-0.8813301857396519,1.6880844932226042,0.26283095344851215
17921.0,-0.28280938394634486,-0.02998335876321942,-0.1326088080240764
17923.0,1.891816195902671,-0.42646055537533256,-0.20631447700782302
17924.0,-0.8115027588637661,0.3664938378488937,0.12508616936206576
17925.0,2.7895973985926314,-0.42646055537533256,-0.20191424628397167
17926.0,0.4054895381159583,-0.2943014898379615,-0.18348452104610208
17928.0,-0.47234097118089213,-0.2943014898379615,-0.20908597279452437
17929.0,-0.8115027588637661,-0.02998335876321942,-0.12986979070362545
17930.0,-0.5720944381464433,0.10217570677415164,-0.02191136888727416
17931.0,0.4154648848125134,-0.2943014898379615,-0.18215290392983544
17932.0,-0.631946518325774,-0.16214242430059048,-0.07109940457043613
17934.0,-0.4124888910015614,-0.2943014898379615,-0.14656011363786214
17935.0,0.4553662715987339,-0.2943014898379615,-0.21408645369092955
17936.0,-0.8713548390430969,-0.42646055537533256,-0.18554870801223905
17937.0,-0.8414287989534315,0.3664938378488937,0.2861216224685259
17939.0,0.6648485522263914,-0.42646055537533256,-0.21934916812965283
17940.0,-0.43243958439467167,0.6308119689236359,0.02761227761380871
17941.0,0.37556349802629296,-0.42646055537533256,-0.1946390698438806
17942.0,-0.8514041456499867,-0.42646055537533256,-0.22195225705431507
17946.0,1.40302420777147,-0.2943014898379615,-0.21328170947161396
17947.0,-0.552143744753333,-0.42646055537533256,-0.21002183378499906
17948.0,0.54514439186773,-0.42646055537533256,-0.18814337659379926
17949.0,-0.9112562258293173,4.727743000582139,6.270546074272875
17950.0,-0.2030066103739039,-0.16214242430059048,-0.17448317427010976
17951.0,-0.5321930513602229,-0.16214242430059048,-0.10995688217365399
17954.0,-0.8713548390430969,1.027289165535749,0.044699559579994774
17955.0,1.053887073392041,-0.02998335876321942,-0.16423681962118525
17956.0,1.5626297549163521,-0.42646055537533256,-0.2297410744236255
17957.0,-0.26285869055323463,-0.42646055537533256,-0.21795620279935762
17958.0,0.2359086442745213,-0.42646055537533256,-0.17011181329403655
17960.0,0.7845527125850528,-0.42646055537533256,-0.2223997381448762
17961.0,-0.711749291898215,4.595583935044767,-0.07532521390146124
17962.0,0.49526765838495435,-0.42646055537533256,-0.21895581781617568
17964.0,-0.6119958249326638,-0.2943014898379615,-0.1755549636563732
17965.0,-0.552143744753333,1.291607296610491,0.08138338575675023
17966.0,-0.552143744753333,0.10217570677415164,-0.09914395872458344
17967.0,2.7796220518960766,-0.42646055537533256,-0.21776975234495716
17968.0,2.7995727452891868,-0.42646055537533256,-0.1993857375410696
17969.0,0.7346759791022772,-0.2943014898379615,-0.20382446126195852
17970.0,1.1835665804472575,-0.42646055537533256,-0.16357642414076032
17972.0,1.482826981343911,-0.42646055537533256,-0.21501269143214485
17973.0,-0.4124888910015614,-0.42646055537533256,-0.19073203064457242
17974.0,-0.6818232518085496,-0.16214242430059048,-0.1465913891979551
17975.0,-0.7716013720775456,1.15944823107312,0.29617070050763317
17976.0,2.7895973985926314,-0.42646055537533256,-0.19256646253464169
17977.0,-0.631946518325774,-0.42646055537533256,-0.19661424175436826
17978.0,2.7197699717167456,-0.42646055537533256,-0.19507692768518237
17979.0,-0.5720944381464433,-0.02998335876321942,-0.14597550124535483
17980.0,0.7247006324057221,-0.16214242430059048,-0.13366495963029332
17984.0,0.5251936984746197,-0.42646055537533256,-0.21290880856281297
17985.0,-0.7017739452016598,-0.42646055537533256,-0.15532929952547186
17986.0,-0.36261215751878584,-0.42646055537533256,-0.22877273496690043
17987.0,0.9242075663368244,-0.42646055537533256,-0.20738867220640128
17988.0,-0.8115027588637661,0.3664938378488937,-0.2082788227628939
17990.0,1.4329502478611356,-0.16214242430059048,-0.15539064773950045
17991.0,1.3232214341990292,-0.2943014898379615,-0.22004565079480046
17994.0,0.2857853777572969,-0.02998335876321942,-0.15596202816427612
17995.0,1.8818408492061158,-0.42646055537533256,-0.2221206639163542
17997.0,-0.18305591698079368,0.4986529033862648,-0.0035814848604706693
17999.0,-0.552143744753333,-0.2943014898379615,-0.18551743245214602
18001.0,-0.801527412167211,-0.2943014898379615,-0.1813385364612604
18004.0,2.6898439316270806,-0.42646055537533256,-0.2122784857363236
18005.0,-0.8913055324362071,-0.2943014898379615,-0.2040325640271926
18006.0,-0.6917985985051047,-0.42646055537533256,-0.17778394876607703
18008.0,-0.22295730376701417,0.6308119689236359,0.023283018353245234
18009.0,1.4229749011645805,-0.42646055537533256,-0.2015160843458648
18010.0,1.632457181792238,-0.42646055537533256,-0.2102479801425945
18011.0,2.7995727452891868,-0.42646055537533256,-0.21891010738219366
18013.0,0.6249471654401709,-0.2943014898379615,-0.20874555035197384
18014.0,-0.6419218650223292,-0.42646055537533256,-0.2127175464837828
18015.0,-0.8813301857396519,-0.42646055537533256,-0.2168362971667973
18016.0,-0.6020204782361087,0.10217570677415164,-0.05352614851665135
18017.0,-0.11322849010490786,-0.16214242430059048,-0.1683627877411443
18018.0,0.15610587070208035,-0.2943014898379615,-0.21658248396758117
18019.0,-0.4124888910015614,-0.42646055537533256,-0.22664960559904976
18022.0,-0.5720944381464433,-0.42646055537533256,-0.15757031369674995
18024.0,0.5950211253505056,-0.2943014898379615,-0.20279236777889006
18027.0,0.05635240373652916,-0.42646055537533256,-0.21740406887310074
18030.0,-0.8813301857396519,-0.2943014898379615,-0.20352974925339
18032.0,2.4105342241235372,-0.42646055537533256,-0.22243341951728404
18033.0,-0.2728340372497898,-0.42646055537533256,-0.2199891142054016
18034.0,-0.711749291898215,-0.2943014898379615,-0.18091150477537543
18035.0,-0.5720944381464433,-0.16214242430059048,-0.14540051210210686
18036.0,-0.6020204782361087,-0.16214242430059048,-0.18278322675632477
18037.0,0.6149718187436158,0.2343347723115227,-0.22285203086006705
18040.0,-0.7316999852913252,-0.2943014898379615,-0.18830697183120873
18041.0,-0.8115027588637661,2.2167207553720885,0.25892391424920397
18042.0,-0.39253819760845116,-0.42646055537533256,-0.2114208136460814
18043.0,-0.6818232518085496,-0.16214242430059048,-0.16760615976812557
18044.0,-0.8813301857396519,0.7629710344610069,0.01996420026491664
18045.0,-0.47234097118089213,-0.42646055537533256,-0.20982215136286694
18048.0,1.1037638068748166,-0.2943014898379615,-0.21054990958810751
18050.0,2.659917891537415,-0.42646055537533256,-0.222325157963116
18053.0,-0.22295730376701417,-0.42646055537533256,-0.19518518923935038
18055.0,-0.8514041456499867,0.7629710344610069,0.5799037845773419
18056.0,1.9516682760820017,-0.42646055537533256,-0.18753109735967127
18058.0,-0.8314534522568764,-0.42646055537533256,-0.2108061285996385
18059.0,-0.6917985985051047,-0.16214242430059048,-0.19441051767397033
18061.0,-0.711749291898215,0.7629710344610069,0.023670354135935243
18062.0,0.804503405978163,-0.16214242430059048,-0.14460298531973578
18064.0,0.4054895381159583,-0.2943014898379615,-0.1333582185601506
18065.0,-0.8713548390430969,1.291607296610491,0.05656021429218026
18066.0,-0.17308057028423857,-0.42646055537533256,-0.1930223639683048
18067.0,-0.5222177046636677,-0.42646055537533256,-0.18360000003721466
18068.0,1.9616436227785568,-0.42646055537533256,-0.2190412241533527
18069.0,-0.6618725584154393,0.10217570677415164,0.009227059903763728
18071.0,1.642432528488793,-0.2943014898379615,-0.17678313084310154
18072.0,0.9242075663368244,-0.42646055537533256,-0.22886415583486452
18073.0,0.21595795088141106,1.027289165535749,0.2330253446798983
18074.0,2.7995727452891868,-0.42646055537533256,-0.1723804943069353
18075.0,-0.6917985985051047,0.7629710344610069,0.08025385687493056
18077.0,-0.8414287989534315,0.895130099998378,0.07960549045607981
18078.0,1.2434186606265882,-0.2943014898379615,-0.1908414951048979
18079.0,-0.47234097118089213,-0.02998335876321942,0.20335325849475838
18080.0,-0.7416753319878803,-0.2943014898379615,-0.08313688648776273
18081.0,-0.5621190914498881,-0.16214242430059048,-0.1899609677976646
18082.0,-0.6718479051119944,-0.42646055537533256,-0.14937611695238814
18084.0,-0.7616260253809906,-0.42646055537533256,-0.2203908848619807
18085.0,2.3706328373373164,-0.2943014898379615,-0.14828026944297626
18086.0,1.81201342233023,-0.42646055537533256,-0.2190845287750199
18087.0,1.9716189694751118,-0.42646055537533256,0.15400643919881665
18088.0,-0.31273542403601023,-0.42646055537533256,-0.21130292884265398
18092.0,-0.9012808791327622,0.895130099998378,0.8595517993364441
18093.0,0.006475670253753564,-0.02998335876321942,0.0221198080990177
18094.0,-0.11322849010490786,0.3664938378488937,0.13167809510474088
18095.0,2.1910765967993244,-0.2943014898379615,-0.16150020811304913
18096.0,-0.8115027588637661,-0.16214242430059048,-0.12914082957222744
18097.0,-0.8514041456499867,0.2343347723115227,0.08898695557781763
18099.0,0.3456374579366276,-0.42646055537533256,-0.21102866623876168
18101.0,-0.8115027588637661,-0.2943014898379615,-0.20452214683326353
18102.0,-0.9212315725258724,7.37092431132956,31.003061719194854
18104.0,-0.552143744753333,-0.42646055537533256,-0.14049866951061032
18105.0,-0.552143744753333,-0.42646055537533256,-0.21762420069990904
18106.0,2.3606574906407616,-0.42646055537533256,-0.18052416899268542
18108.0,1.6125064883991276,-0.42646055537533256,-0.1986760229081904
18109.0,-0.9112562258293173,2.8775160830589437,0.7192700861639937
18110.0,-0.7316999852913252,-0.42646055537533256,-0.21064493917454388
18112.0,-0.801527412167211,-0.2943014898379615,-0.18884948250820627
18113.0,2.749696011806411,-0.42646055537533256,-0.22209419998089092
18114.0,1.9716189694751118,-0.42646055537533256,-0.20479881524947074
18116.0,-0.2528833438566795,0.4986529033862648,-0.06292686013690792
18117.0,-0.6718479051119944,-0.42646055537533256,-0.1934554101849769
18118.0,-0.8214781055603213,2.8775160830589437,0.43929488093007274
18119.0,2.7397206651098562,-0.42646055537533256,-0.20953826550971522
18120.0,1.213492620536923,-0.42646055537533256,-0.21790447783458844
18121.0,0.5650950852608402,-0.2943014898379615,-0.1526889205099296
18122.0,-0.8414287989534315,0.2343347723115227,-0.015733242862752395
18123.0,-0.6818232518085496,-0.2943014898379615,-0.16217503846736317
18125.0,-0.631946518325774,-0.02998335876321942,-0.09513587540805181
18126.0,-0.3227107707325653,-0.42646055537533256,-0.20738746930024388
18127.0,-0.7316999852913252,-0.16214242430059048,-0.18952431286252028
18129.0,1.5027776747370214,-0.42646055537533256,-0.21773607097254932
18130.0,-0.7716013720775456,-0.16214242430059048,-0.10384010436316074
18133.0,1.1935419271438126,-0.42646055537533256,-0.11922407121043664
18135.0,-0.631946518325774,0.10217570677415164,-0.1492474059935439
18136.0,-0.2927847306429,-0.16214242430059048,-0.13963377998342358
18138.0,2.0214957029578873,-0.42646055537533256,-0.21291241728128524
18139.0,-0.7516506786844355,0.2343347723115227,0.7837783346680882
18142.0,0.6448978588332811,-0.2943014898379615,-0.10863609121280411
18143.0,0.2359086442745213,-0.2943014898379615,-0.11096491753357401
18144.0,-0.8514041456499867,1.027289165535749,0.11621473645107509
18145.0,-0.801527412167211,-0.02998335876321942,0.11294283170288602
18146.0,0.4753169649918441,-0.2943014898379615,-0.21198617954006996
18147.0,-0.47234097118089213,-0.2943014898379615,-0.20970186074712469
18149.0,-0.42246423769811653,-0.16214242430059048,-0.157647299690825
18150.0,-0.6020204782361087,-0.16214242430059048,-0.16312052270709718
18151.0,0.4154648848125134,-0.2943014898379615,-0.15268290597914247
18154.0,-0.8913055324362071,-0.2943014898379615,-0.1832559688761918
18155.0,-0.17308057028423857,-0.16214242430059048,-0.18657238115220554
18156.0,-0.801527412167211,-0.2943014898379615,-0.15000162815424778
18158.0,-0.8314534522568764,-0.2943014898379615,-0.17673501459680466
18159.0,2.0813477831372182,-0.42646055537533256,-0.16750270983858725
18160.0,-0.3526368108222307,-0.2943014898379615,-0.1545221494938414
18161.0,-0.7716013720775456,0.10217570677415164,-0.036561562978522345
18164.0,-0.552143744753333,-0.42646055537533256,-0.1832006351929504
18165.0,0.8444047927643835,-0.42646055537533256,-0.1948916801369393
18167.0,-0.6917985985051047,-0.16214242430059048,-0.07569570899794738
18168.0,0.8344294460678284,0.2343347723115227,-0.09275532412251275
18169.0,-0.3227107707325653,-0.42646055537533256,-0.2068978864941729
18170.0,-0.5920451315395535,-0.16214242430059048,-0.1133526862560576
18171.0,-0.3426614641256756,0.10217570677415164,-0.08315974170475376
18172.0,-0.7815767187741008,2.0845616898347172,0.6783243634714906
18173.0,-0.06335175662213227,-0.02998335876321942,0.022158301096055242
18174.0,-0.8514041456499867,-0.42646055537533256,-0.21876455573714554
18176.0,2.64994254484086,-0.42646055537533256,-0.17656059320397838
18177.0,-0.6119958249326638,0.2343347723115227,-0.07325862112300946
18178.0,0.35561280463318273,-0.02998335876321942,-0.03991526534541619
18179.0,-0.8314534522568764,0.2343347723115227,-0.01557325634381519
18180.0,-0.8813301857396519,0.2343347723115227,-0.009488956999572378
18181.0,-0.6818232518085496,-0.42646055537533256,-0.18714616738929604
18183.0,1.3431721275921393,-0.2943014898379615,-0.1552426902821375
18184.0,-0.7716013720775456,-0.42646055537533256,-0.22528430711037528
18185.0,1.5626297549163521,-0.42646055537533256,-0.19467635993476068
18188.0,-0.7716013720775456,-0.16214242430059048,0.009431553950525553
18189.0,-0.15312987689112834,-0.2943014898379615,-0.10012913886751244
18190.0,0.9940349932127103,-0.2943014898379615,-0.19705691122029975
18191.0,1.6823339152750134,-0.42646055537533256,-0.20627838982310034
18192.0,-0.21298195707045905,-0.42646055537533256,-0.11603997861173938
18193.0,0.7247006324057221,-0.42646055537533256,-0.20195273928100918
18194.0,-0.10325314340835273,-0.42646055537533256,-0.12349438806928639
18196.0,0.0264263636468638,-0.2943014898379615,-0.14867963428724054
18198.0,-0.8813301857396519,1.6880844932226042,0.42136917337216323
18200.0,0.13615517730897012,-0.42646055537533256,-0.21318908569749243
18202.0,1.0638624200885962,-0.16214242430059048,-0.06322999248857837
18203.0,0.6448978588332811,-0.42646055537533256,-0.21197775919696799
18204.0,-0.21298195707045905,-0.16214242430059048,0.004609103165418905
18205.0,-0.5621190914498881,-0.2943014898379615,-0.16904122681393058
18209.0,-0.6419218650223292,-0.42646055537533256,-0.21454235512459266
18210.0,-0.9112562258293173,0.2343347723115227,0.0840526345200707
18211.0,-0.6718479051119944,0.10217570677415164,-0.15909198998588936
18212.0,2.330731450551096,-0.42646055537533256,-0.205283586430912
18213.0,1.4329502478611356,-0.42646055537533256,-0.2033096174265817
18215.0,-0.03342571653246691,-0.42646055537533256,-0.19526698685805513
18216.0,-0.6119958249326638,-0.42646055537533256,-0.17332477564051196
18217.0,-0.631946518325774,-0.2943014898379615,-0.15648408943659747
18218.0,1.1835665804472575,-0.2943014898379615,-0.1571613256032263
18219.0,-0.9012808791327622,0.7629710344610069,0.01168459718337783
18220.0,1.3331967808955842,-0.42646055537533256,-0.19455246060054618
18221.0,-0.7017739452016598,0.10217570677415164,-0.1059788715110579
18222.0,-0.003499676442801554,-0.42646055537533256,-0.177986037000524
18223.0,-0.8813301857396519,1.291607296610491,0.5443230233469428
18224.0,1.7022846086681238,-0.42646055537533256,-0.21215458640210907
18225.0,-0.8913055324362071,1.027289165535749,0.4275460964905275
18226.0,-0.4823163178774472,0.895130099998378,0.3976105738569121
18227.0,1.2434186606265882,-0.42646055537533256,-0.21999753454850354
18228.0,-0.36261215751878584,-0.2943014898379615,-0.13746012855696121
18229.0,-0.8115027588637661,2.0845616898347172,0.6440680019204136
18230.0,-0.8314534522568764,0.3664938378488937,0.10676590858452167
18231.0,0.9940349932127103,0.10217570677415164,0.01793970920197464
18232.0,-0.11322849010490786,-0.02998335876321942,-0.1599460533576593
18233.0,2.3207561038545412,-0.42646055537533256,-0.17834690884775073
18235.0,-0.21298195707045905,-0.16214242430059048,-0.015175094405708361
18236.0,-0.631946518325774,0.2343347723115227,-0.1251495869418997
18237.0,-0.9012808791327622,0.10217570677415164,-0.11253591297516774
18239.0,1.2533940073231433,0.10217570677415164,-0.04342775132508978
18240.0,-0.462365624484337,-0.42646055537533256,-0.18044237137398067
18241.0,-0.8314534522568764,1.6880844932226042,0.01629413357862073
18242.0,-0.2030066103739039,-0.02998335876321942,0.03727281696406846
18245.0,-0.8514041456499867,0.3664938378488937,0.07751844827295185
18246.0,-0.6917985985051047,-0.2943014898379615,-0.15956954373038607
18248.0,0.295760724453852,-0.2943014898379615,-0.13455871890525822
18249.0,-0.7516506786844355,-0.42646055537533256,-0.2198062724694734
18250.0,2.1711259034062143,-0.42646055537533256,-0.18926087641404477
18251.0,-0.05337640992557715,-0.42646055537533256,0.2877455457810462
18252.0,-0.42246423769811653,-0.2943014898379615,-0.16893176235360513
18255.0,-0.03342571653246691,-0.42646055537533256,-0.2188487591681651
18257.0,-0.5321930513602229,0.3664938378488937,0.04385752526979905
18259.0,-0.6818232518085496,-0.16214242430059048,0.05003685420047824
18260.0,0.794528059281608,0.2343347723115227,0.08338742741501605
18261.0,-0.49229166457400236,-0.2943014898379615,-0.19227175052607318
18262.0,0.4753169649918441,-0.42646055537533256,-0.21329373853318817
18263.0,-0.6718479051119944,-0.16214242430059048,-0.08534301638047552
18265.0,-0.2030066103739039,-0.2943014898379615,-0.13486064835077125
18268.0,0.4154648848125134,-0.42646055537533256,-0.22820736907291186
18269.0,2.729745318413301,-0.42646055537533256,-0.21456641324774112
18270.0,-0.542168398056778,-0.2943014898379615,-0.201815607979063
18272.0,-0.9012808791327622,0.2343347723115227,0.13904950403742572
18273.0,-0.9012808791327622,-0.16214242430059048,-0.2067354941629209
18276.0,-0.49229166457400236,-0.42646055537533256,-0.1908739735711483
18277.0,-0.3426614641256756,-0.42646055537533256,-0.21799710160871
18278.0,-0.1930312636773488,-0.42646055537533256,-0.21035624169676248
18280.0,1.8419394624198953,-0.42646055537533256,-0.20955029457128946
18281.0,0.8743308328540489,-0.42646055537533256,-0.2215528922100508
18282.0,-0.8514041456499867,-0.2943014898379615,-0.20985703564143218
18283.0,-0.8913055324362071,1.555925427685233,0.014067554281231723
18287.0,-0.5022670112705575,-0.16214242430059048,-0.010267237283424714
